Number,Time,Amount,Tag,Class
105,0,23,1,0
105,0.25,23,1,0
105,0.5,22.9,1,0
105,0.75,22.7,1,0
105,1,22.8,1,0
105,1.25,23.3,1,0
105,1.5,23.2,1,0
105,1.75,23.1,1,0
105,2,23,1,0
105,2.25,23,1,0
105,2.5,23.3,1,0
105,2.75,23.1,1,0
105,3,23.2,1,0
105,3.25,23.2,1,0
105,3.5,23.3,1,0
105,3.75,23.1,1,0
105,4,23.1,1,0
105,4.25,23.2,1,0
105,4.5,23.2,1,0
105,4.75,23.2,1,0
105,5,23.1,1,0
105,5.25,23.4,1,0
105,5.5,23.1,1,0
105,5.75,23,1,0
105,6,23.1,1,0
105,6.25,23,1,0
105,6.5,22.1,1,0
105,6.75,22,1,0
105,7,21.9,1,0
105,7.25,22,1,0
105,7.5,21.6,1,0
105,7.75,21.6,1,1
105,8,21.9,1,1
105,8.25,21.7,1,1
105,8.5,21.2,1,1
105,8.75,20.4,1,1
105,9,26.3,1,1
105,9.25,23.9,1,1
105,9.5,22.1,1,1
105,9.75,21.9,1,1
105,10,21.4,1,1
105,10.25,20.9,1,1
105,10.5,20.4,1,1
105,10.75,18,1,1
105,11,19.4,1,1
105,11.25,18.4,1,1
105,11.5,18.6,1,1
105,11.75,19.2,1,1
105,12,18.3,1,1
105,12.25,19.4,1,1
105,12.5,19.4,1,1
105,12.75,19.3,1,1
105,13,19,1,1
105,13.25,18.8,1,1
105,13.5,18.4,1,1
105,13.75,18.7,1,1
105,14,18.5,1,1
105,14.25,18.9,1,1
105,14.5,18.6,1,1
105,14.75,17.7,1,1
105,15,18.1,1,1
105,15.25,17.9,1,1
105,15.5,18.3,1,1
105,15.75,19.3,1,1
105,16,20.2,1,1
105,16.25,21,1,1
105,16.5,20.9,1,1
105,16.75,21.1,1,1
105,17,22.7,1,1
105,17.25,23.3,1,1
105,17.5,23.2,1,1
105,17.75,23,1,1
105,18,23.1,1,1
105,18.25,23.4,1,1
105,18.5,23.6,1,1
105,18.75,23.3,1,1
105,19,23.7,1,1
105,19.25,23.7,1,1
105,19.5,23.3,1,1
105,19.75,23,1,1
105,20,22.4,1,0
105,20.25,22,1,0
105,20.5,21.7,1,0
105,20.75,22.5,1,0
105,21,22.5,1,0
105,21.25,22.5,1,0
105,21.5,22.2,1,0
105,21.75,22.2,1,0
105,22,22.2,1,0
105,22.25,22.5,1,0
105,22.5,23.3,1,0
105,22.75,23,1,0
105,23,22.8,1,0
105,23.25,22.8,1,0
105,23.5,22.8,1,0
105,23.75,22.8,1,0
105,0,23,1,0
105,0.25,23,1,0
105,0.5,22.4,1,0
105,0.75,22.2,1,0
105,1,22.5,1,0
105,1.25,23,1,0
105,1.5,22.7,1,0
105,1.75,22.6,1,0
105,2,22.7,1,0
105,2.25,22.7,1,0
105,2.5,22.6,1,0
105,2.75,22.7,1,0
105,3,22.5,1,0
105,3.25,22.6,1,0
105,3.5,22.6,1,0
105,3.75,22.5,1,0
105,4,22.6,1,0
105,4.25,22.6,1,0
105,4.5,22.5,1,0
105,4.75,22.6,1,0
105,5,22.5,1,0
105,5.25,22.4,1,0
105,5.5,22.4,1,0
105,5.75,22.4,1,0
105,6,22.2,1,0
105,6.25,22.3,1,0
105,6.5,22,1,0
105,6.75,21.7,1,0
105,7,22,1,0
105,7.25,21.7,1,0
105,7.5,21.6,1,0
105,7.75,21.5,1,1
105,8,21.7,1,1
105,8.25,21.6,1,1
105,8.5,21.6,1,1
105,8.75,21.8,1,1
105,9,25.8,1,1
105,9.25,23.4,1,1
105,9.5,20.5,1,1
105,9.75,19.5,1,1
105,10,19.2,1,1
105,10.25,19.4,1,1
105,10.5,19,1,1
105,10.75,19,1,1
105,11,18.8,1,1
105,11.25,18.2,1,1
105,11.5,18.1,1,1
105,11.75,18.6,1,1
105,12,18.8,1,1
105,12.25,18.9,1,1
105,12.5,18.8,1,1
105,12.75,18,1,1
105,13,17.5,1,1
105,13.25,17.4,1,1
105,13.5,17.9,1,1
105,13.75,17.9,1,1
105,14,18,1,1
105,14.25,18.4,1,1
105,14.5,18.2,1,1
105,14.75,17.6,1,1
105,15,17.7,1,1
105,15.25,18.3,1,1
105,15.5,21.2,1,1
105,15.75,21.8,1,1
105,16,21.3,1,1
105,16.25,20.9,1,1
105,16.5,22.5,1,1
105,16.75,23.7,1,1
105,17,24.6,1,1
105,17.25,23.8,1,1
105,17.5,25.1,1,1
105,17.75,24.3,1,1
105,18,24.9,1,1
105,18.25,24.8,1,1
105,18.5,24.3,1,1
105,18.75,24,1,1
105,19,24.1,1,1
105,19.25,24.5,1,1
105,19.5,23.6,1,1
105,19.75,23.3,1,1
105,20,22.8,1,0
105,20.25,23.3,1,0
105,20.5,23.1,1,0
105,20.75,23.2,1,0
105,21,22.8,1,0
105,21.25,23.1,1,0
105,21.5,23.8,1,0
105,21.75,23.8,1,0
105,22,23.8,1,0
105,22.25,23.8,1,0
105,22.5,23.8,1,0
105,22.75,23.5,1,0
105,23,23.4,1,0
105,23.25,23.5,1,0
105,23.5,23.6,1,0
105,23.75,23.8,1,0
105,0,23.5,1,0
105,0.25,23.3,1,0
105,0.5,23.4,1,0
105,0.75,23.5,1,0
105,1,23.5,1,0
105,1.25,23.3,1,0
105,1.5,23.5,1,0
105,1.75,23.4,1,0
105,2,23.5,1,0
105,2.25,24,1,0
105,2.5,23.5,1,0
105,2.75,23.8,1,0
105,3,23.8,1,0
105,3.25,23.8,1,0
105,3.5,23.5,1,0
105,3.75,23.3,1,0
105,4,23.3,1,0
105,4.25,23.3,1,0
105,4.5,23.9,1,0
105,4.75,23.9,1,0
105,5,23.6,1,0
105,5.25,23.4,1,0
105,5.5,23.3,1,0
105,5.75,23.4,1,0
105,6,23.3,1,0
105,6.25,23.4,1,0
105,6.5,23,1,0
105,6.75,22.6,1,0
105,7,22,1,0
105,7.25,22.1,1,0
105,7.5,21.9,1,0
105,7.75,21.7,1,1
105,8,22.3,1,1
105,8.25,22.3,1,1
105,8.5,20.1,1,1
105,8.75,17.8,1,1
105,9,22.8,1,1
105,9.25,21,1,1
105,9.5,19.6,1,1
105,9.75,18,1,1
105,10,16.5,1,0
105,10.25,17.3,1,1
105,10.5,16.4,1,0
105,10.75,16.9,1,0
105,11,17.2,1,0
105,11.25,16.5,1,0
105,11.5,17.4,1,1
105,11.75,17.3,1,1
105,12,18.4,1,1
105,12.25,18.7,1,1
105,12.5,19.1,1,1
105,12.75,17.7,1,1
105,13,18.5,1,1
105,13.25,19.2,1,1
105,13.5,18.8,1,1
105,13.75,20.3,1,1
105,14,20.7,1,1
105,14.25,20,1,1
105,14.5,18.4,1,1
105,14.75,17.9,1,1
105,15,18.7,1,1
105,15.25,20.4,1,1
105,15.5,21.9,1,1
105,15.75,22,1,1
105,16,21.9,1,1
105,16.25,21.7,1,1
105,16.5,23.2,1,1
105,16.75,24.3,1,1
105,17,24.2,1,1
105,17.25,24.2,1,1
105,17.5,25,1,1
105,17.75,24.1,1,1
105,18,24.9,1,1
105,18.25,24.4,1,1
105,18.5,24.4,1,1
105,18.75,23.8,1,1
105,19,24.2,1,1
105,19.25,24.3,1,1
105,19.5,23.6,1,1
105,19.75,23.9,1,1
105,20,10.1,1,1
105,20.25,5.7,1,1
105,20.5,5.8,1,1
105,20.75,5.6,1,1
105,21,5.6,1,1
105,21.25,5.6,1,1
105,21.5,5.7,1,1
105,21.75,6,1,1
105,22,5.7,1,1
105,22.25,5.6,1,1
105,22.5,5.5,1,1
105,22.75,5.6,1,1
105,23,5.6,1,1
105,23.25,5.6,1,1
105,23.5,5.5,1,1
105,23.75,5.7,1,1
105,0,5.7,1,1
105,0.25,5.6,1,1
105,0.5,5.6,1,1
105,0.75,5.6,1,1
105,1,5.6,1,1
105,1.25,5.6,1,1
105,1.5,5.6,1,1
105,1.75,5.7,1,1
105,2,6,1,1
105,2.25,6,1,1
105,2.5,6,1,1
105,2.75,5.7,1,1
105,3,5.6,1,1
105,3.25,5.6,1,1
105,3.5,5.6,1,1
105,3.75,5.6,1,1
105,4,5.7,1,1
105,4.25,5.5,1,1
105,4.5,5.6,1,1
105,4.75,5.6,1,1
105,5,5.9,1,1
105,5.25,6,1,1
105,5.5,6,1,1
105,5.75,5.5,1,1
105,6,5.8,1,1
105,6.25,5.6,1,1
105,6.5,5.9,1,1
105,6.75,5.9,1,1
105,7,5.9,1,1
105,7.25,6,1,1
105,7.5,5.7,1,1
105,7.75,17.4,1,1
105,8,21.9,1,1
105,8.25,22.2,1,1
105,8.5,20.1,1,1
105,8.75,20.7,1,1
105,9,24.7,1,1
105,9.25,22.4,1,1
105,9.5,21.2,1,1
105,9.75,21.2,1,1
105,10,18.2,1,1
105,10.25,17.8,1,1
105,10.5,17.8,1,1
105,10.75,17.9,1,1
105,11,19.9,1,1
105,11.25,18.8,1,1
105,11.5,17.5,1,1
105,11.75,17.8,1,1
105,12,19.1,1,1
105,12.25,19.3,1,1
105,12.5,19.6,1,1
105,12.75,18.5,1,1
105,13,18.8,1,1
105,13.25,18.5,1,1
105,13.5,19,1,1
105,13.75,18.5,1,1
105,14,18.5,1,1
105,14.25,18.1,1,1
105,14.5,18.7,1,1
105,14.75,18.7,1,1
105,15,18.9,1,1
105,15.25,20.6,1,1
105,15.5,20.6,1,1
105,15.75,21.8,1,1
105,16,21.1,1,1
105,16.25,21.5,1,1
105,16.5,23.8,1,1
105,16.75,24.6,1,1
105,17,24.4,1,1
105,17.25,24.5,1,1
105,17.5,24.9,1,1
105,17.75,26,1,1
105,18,25.7,1,1
105,18.25,24.8,1,1
105,18.5,24.7,1,1
105,18.75,24.6,1,1
105,19,24,1,1
105,19.25,24,1,1
105,19.5,23.8,1,1
105,19.75,23.5,1,1
105,20,11.7,1,1
105,20.25,5.9,1,1
105,20.5,5.9,1,1
105,20.75,5.6,1,1
105,21,5.6,1,1
105,21.25,5.6,1,1
105,21.5,5.6,1,1
105,21.75,5.7,1,1
105,22,5.7,1,1
105,22.25,5.6,1,1
105,22.5,5.6,1,1
105,22.75,5.6,1,1
105,23,5.7,1,1
105,23.25,6.1,1,1
105,23.5,5.6,1,1
105,23.75,5.6,1,1
105,0,5.7,1,1
105,0.25,5.6,1,1
105,0.5,5.6,1,1
105,0.75,5.6,1,1
105,1,5.6,1,1
105,1.25,5.7,1,1
105,1.5,5.5,1,1
105,1.75,5.7,1,1
105,2,5.7,1,1
105,2.25,5.6,1,1
105,2.5,5.7,1,1
105,2.75,5.6,1,1
105,3,6,1,1
105,3.25,6.1,1,1
105,3.5,6,1,1
105,3.75,5.8,1,1
105,4,5.6,1,1
105,4.25,5.7,1,1
105,4.5,5.6,1,1
105,4.75,5.6,1,1
105,5,5.5,1,1
105,5.25,5.6,1,1
105,5.5,5.5,1,1
105,5.75,5.6,1,1
105,6,5.9,1,1
105,6.25,5.9,1,1
105,6.5,5.9,1,1
105,6.75,5.8,1,1
105,7,5.8,1,1
105,7.25,6,1,1
105,7.5,13.3,1,1
105,7.75,21.7,1,1
105,8,22.6,1,1
105,8.25,22.2,1,1
105,8.5,19.8,1,1
105,8.75,20.3,1,1
105,9,23.2,1,1
105,9.25,23.3,1,1
105,9.5,22.4,1,1
105,9.75,21.4,1,1
105,10,21.3,1,1
105,10.25,21,1,1
105,10.5,21,1,1
105,10.75,22.5,1,1
105,11,21.2,1,1
105,11.25,20.6,1,1
105,11.5,22.1,1,1
105,11.75,23,1,1
105,12,21.4,1,1
105,12.25,21.7,1,1
105,12.5,22.3,1,1
105,12.75,22,1,1
105,13,22.3,1,1
105,13.25,21.9,1,1
105,13.5,22.2,1,1
105,13.75,22.2,1,1
105,14,22.3,1,1
105,14.25,21.7,1,1
105,14.5,22,1,1
105,14.75,21.4,1,1
105,15,21.4,1,1
105,15.25,22.3,1,1
105,15.5,22,1,1
105,15.75,22.2,1,1
105,16,21.6,1,1
105,16.25,21.5,1,1
105,16.5,23.6,1,1
105,16.75,24.5,1,1
105,17,24.8,1,1
105,17.25,24.4,1,1
105,17.5,24.9,1,1
105,17.75,24.9,1,1
105,18,24.4,1,1
105,18.25,24.1,1,1
105,18.5,24.1,1,1
105,18.75,23.9,1,1
105,19,24.1,1,1
105,19.25,23.6,1,1
105,19.5,23.8,1,1
105,19.75,23.1,1,1
105,20,10.5,1,1
105,20.25,5.9,1,1
105,20.5,5.8,1,1
105,20.75,5.7,1,1
105,21,5.5,1,1
105,21.25,5.6,1,1
105,21.5,5.6,1,1
105,21.75,5.5,1,1
105,22,5.5,1,1
105,22.25,5.5,1,1
105,22.5,5.6,1,1
105,22.75,5.6,1,1
105,23,5.6,1,1
105,23.25,5.6,1,1
105,23.5,5.9,1,1
105,23.75,5.8,1,1
105,0,5.7,1,1
105,0.25,5.7,1,1
105,0.5,5.5,1,1
105,0.75,5.5,1,1
105,1,5.5,1,1
105,1.25,5.6,1,1
105,1.5,5.5,1,1
105,1.75,5.6,1,1
105,2,5.5,1,1
105,2.25,5.5,1,1
105,2.5,5.5,1,1
105,2.75,5.5,1,1
105,3,5.5,1,1
105,3.25,5.5,1,1
105,3.5,5.4,1,1
105,3.75,5.5,1,1
105,4,5.5,1,1
105,4.25,5.5,1,1
105,4.5,5.6,1,1
105,4.75,5.5,1,1
105,5,5.6,1,1
105,5.25,5.5,1,1
105,5.5,5.6,1,1
105,5.75,5.6,1,1
105,6,5.4,1,1
105,6.25,5.6,1,1
105,6.5,5.9,1,1
105,6.75,6.1,1,1
105,7,8.8,1,1
105,7.25,22.5,1,0
105,7.5,22.4,1,0
105,7.75,22.1,1,1
105,8,22.5,1,1
105,8.25,26.3,1,0
105,8.5,24.9,1,0
105,8.75,22.2,1,1
105,9,21.2,1,1
105,9.25,20.8,1,1
105,9.5,20.9,1,1
105,9.75,22.5,1,1
105,10,21.5,1,1
105,10.25,19.8,1,1
105,10.5,20.7,1,1
105,10.75,20.9,1,1
105,11,19.8,1,1
105,11.25,21,1,1
105,11.5,18.9,1,1
105,11.75,20,1,1
105,12,20.7,1,1
105,12.25,21.1,1,1
105,12.5,19.5,1,1
105,12.75,20.5,1,1
105,13,22.8,1,1
105,13.25,21.6,1,1
105,13.5,22.1,1,1
105,13.75,22.6,1,1
105,14,21.5,1,1
105,14.25,21.6,1,1
105,14.5,22.5,1,1
105,14.75,21.9,1,1
105,15,21.5,1,1
105,15.25,22.1,1,1
105,15.5,22.2,1,1
105,15.75,22.5,1,1
105,16,21.5,1,1
105,16.25,22,1,1
105,16.5,24.3,1,1
105,16.75,24.9,1,1
105,17,24.5,1,1
105,17.25,25.6,1,1
105,17.5,25,1,1
105,17.75,24.3,1,1
105,18,17.8,1,1
105,18.25,7.2,1,0
105,18.5,7,1,0
105,18.75,6.3,1,0
105,19,6.2,1,0
105,19.25,6.1,1,0
105,19.5,6.4,1,0
105,19.75,6.6,1,0
105,20,6.1,1,1
105,20.25,5.9,1,1
105,20.5,5.9,1,1
105,20.75,5.9,1,1
105,21,5.8,1,1
105,21.25,5.8,1,1
105,21.5,5.8,1,1
105,21.75,5.7,1,1
105,22,5.7,1,1
105,22.25,5.6,1,1
105,22.5,5.8,1,1
105,22.75,5.7,1,1
105,23,5.8,1,1
105,23.25,5.7,1,1
105,23.5,5.7,1,1
105,23.75,5.8,1,1
105,0,5.6,1,1
105,0.25,5.6,1,1
105,0.5,5.6,1,1
105,0.75,5.6,1,1
105,1,5.6,1,1
105,1.25,5.6,1,1
105,1.5,5.5,1,1
105,1.75,5.5,1,1
105,2,5.6,1,1
105,2.25,5.7,1,1
105,2.5,5.6,1,1
105,2.75,5.5,1,1
105,3,5.9,1,1
105,3.25,5.9,1,1
105,3.5,5.6,1,1
105,3.75,5.6,1,1
105,4,5.6,1,1
105,4.25,5.5,1,1
105,4.5,5.5,1,1
105,4.75,5.5,1,1
105,5,5.5,1,1
105,5.25,5.6,1,1
105,5.5,5.9,1,1
105,5.75,5.9,1,1
105,6,5.9,1,1
105,6.25,5.9,1,1
105,6.5,5.8,1,1
105,6.75,5.8,1,1
105,7,5.8,1,1
105,7.25,5.9,1,1
105,7.5,8,1,1
105,7.75,21.9,1,1
105,8,22.1,1,1
105,8.25,21.8,1,1
105,8.5,19.7,1,1
105,8.75,18.8,1,1
105,9,24.3,1,1
105,9.25,22.5,1,1
105,9.5,21.9,1,1
105,9.75,19.5,1,1
105,10,20.3,1,1
105,10.25,20.4,1,1
105,10.5,18.3,1,1
105,10.75,18,1,1
105,11,17.2,1,0
105,11.25,18,1,1
105,11.5,17.7,1,1
105,11.75,17.7,1,1
105,12,18.5,1,1
105,12.25,19.6,1,1
105,12.5,18.8,1,1
105,12.75,18.7,1,1
105,13,20.5,1,1
105,13.25,19.7,1,1
105,13.5,19.3,1,1
105,13.75,18.8,1,1
105,14,19.2,1,1
105,14.25,18.7,1,1
105,14.5,18.6,1,1
105,14.75,19.8,1,1
105,15,21.1,1,1
105,15.25,20.1,1,1
105,15.5,21,1,1
105,15.75,21.6,1,1
105,16,21.2,1,1
105,16.25,21.7,1,1
105,16.5,23.4,1,1
105,16.75,24.3,1,1
105,17,24.8,1,1
105,17.25,25.1,1,1
105,17.5,24.1,1,1
105,17.75,24,1,1
105,18,24,1,1
105,18.25,24.6,1,1
105,18.5,23.7,1,1
105,18.75,23.9,1,1
105,19,24,1,1
105,19.25,24.3,1,1
105,19.5,24,1,1
105,19.75,24.1,1,1
105,20,22.8,1,0
105,20.25,22.1,1,0
105,20.5,22,1,0
105,20.75,22,1,0
105,21,22,1,0
105,21.25,20.7,1,0
105,21.5,5.6,1,1
105,21.75,5.6,1,1
105,22,5.7,1,1
105,22.25,5.6,1,1
105,22.5,5.6,1,1
105,22.75,5.7,1,1
105,23,5.7,1,1
105,23.25,5.6,1,1
105,23.5,5.7,1,1
105,23.75,5.6,1,1
105,0,5.8,1,1
105,0.25,5.7,1,1
105,0.5,5.7,1,1
105,0.75,5.7,1,1
105,1,5.6,1,1
105,1.25,5.7,1,1
105,1.5,5.7,1,1
105,1.75,5.7,1,1
105,2,5.7,1,1
105,2.25,5.5,1,1
105,2.5,5.7,1,1
105,2.75,5.6,1,1
105,3,5.7,1,1
105,3.25,6.1,1,1
105,3.5,6.1,1,1
105,3.75,6,1,1
105,4,6.1,1,1
105,4.25,6,1,1
105,4.5,6,1,1
105,4.75,5.6,1,1
105,5,5.5,1,1
105,5.25,5.5,1,1
105,5.5,5.5,1,1
105,5.75,5.6,1,1
105,6,5.8,1,1
105,6.25,6,1,1
105,6.5,5.8,1,1
105,6.75,5.8,1,1
105,7,5.9,1,1
105,7.25,5.9,1,1
105,7.5,9.2,1,1
105,7.75,21.7,1,1
105,8,22.1,1,1
105,8.25,22,1,1
105,8.5,20.2,1,1
105,8.75,20.6,1,1
105,9,25.3,1,1
105,9.25,22.2,1,1
105,9.5,21.2,1,1
105,9.75,21,1,1
105,10,20.7,1,1
105,10.25,21.1,1,1
105,10.5,21.6,1,1
105,10.75,21.5,1,1
105,11,21.8,1,1
105,11.25,21.8,1,1
105,11.5,21.1,1,1
105,11.75,21.4,1,1
105,12,22,1,1
105,12.25,21.8,1,1
105,12.5,21.3,1,1
105,12.75,20.9,1,1
105,13,20.9,1,1
105,13.25,21.1,1,1
105,13.5,22,1,1
105,13.75,21.7,1,1
105,14,21.1,1,1
105,14.25,20.2,1,1
105,14.5,20.5,1,1
105,14.75,20.8,1,1
105,15,20.9,1,1
105,15.25,21.9,1,1
105,15.5,21,1,1
105,15.75,22.3,1,1
105,16,21.6,1,1
105,16.25,21.2,1,1
105,16.5,23.3,1,1
105,16.75,24.3,1,1
105,17,24.5,1,1
105,17.25,24.7,1,1
105,17.5,24,1,1
105,17.75,25.1,1,1
105,18,24.5,1,1
105,18.25,24,1,1
105,18.5,23.9,1,1
105,18.75,24.9,1,1
105,19,24.4,1,1
105,19.25,23.7,1,1
105,19.5,24.4,1,1
105,19.75,25,1,1
105,20,12.9,1,1
105,20.25,6,1,1
105,20.5,5.7,1,1
105,20.75,5.6,1,1
105,21,5.5,1,1
105,21.25,5.5,1,1
105,21.5,5.5,1,1
105,21.75,5.6,1,1
105,22,5.6,1,1
105,22.25,5.6,1,1
105,22.5,5.6,1,1
105,22.75,5.7,1,1
105,23,5.6,1,1
105,23.25,5.7,1,1
105,23.5,5.7,1,1
105,23.75,5.6,1,1
105,0,5.7,1,1
105,0.25,5.5,1,1
105,0.5,5.7,1,1
105,0.75,5.6,1,1
105,1,5.6,1,1
105,1.25,5.5,1,1
105,1.5,5.6,1,1
105,1.75,5.5,1,1
105,2,5.7,1,1
105,2.25,5.5,1,1
105,2.5,5.6,1,1
105,2.75,5.7,1,1
105,3,5.9,1,1
105,3.25,6,1,1
105,3.5,6,1,1
105,3.75,5.8,1,1
105,4,5.6,1,1
105,4.25,5.8,1,1
105,4.5,5.8,1,1
105,4.75,5.6,1,1
105,5,5.6,1,1
105,5.25,5.4,1,1
105,5.5,5.6,1,1
105,5.75,5.9,1,1
105,6,5.8,1,1
105,6.25,5.9,1,1
105,6.5,5.8,1,1
105,6.75,5.8,1,1
105,7,5.9,1,1
105,7.25,5.9,1,1
105,7.5,8,1,1
105,7.75,21.8,1,1
105,8,21.6,1,1
105,8.25,21.9,1,1
105,8.5,19.7,1,1
105,8.75,20.7,1,1
105,9,25.4,1,1
105,9.25,22.2,1,1
105,9.5,19.2,1,1
105,9.75,19.1,1,1
105,10,18.1,1,1
105,10.25,17.3,1,1
105,10.5,17.7,1,1
105,10.75,17.8,1,1
105,11,18.3,1,1
105,11.25,20.2,1,1
105,11.5,20,1,1
105,11.75,19.7,1,1
105,12,19,1,1
105,12.25,18.3,1,1
105,12.5,18.4,1,1
105,12.75,18.2,1,1
105,13,19.9,1,1
105,13.25,18.7,1,1
105,13.5,19,1,1
105,13.75,17.9,1,1
105,14,19.8,1,1
105,14.25,20.6,1,1
105,14.5,20.8,1,1
105,14.75,20.3,1,1
105,15,21.1,1,1
105,15.25,20.7,1,1
105,15.5,21.5,1,1
105,15.75,22,1,1
105,16,21.7,1,1
105,16.25,21.6,1,1
105,16.5,23.5,1,1
105,16.75,24.9,1,1
105,17,24.7,1,1
105,17.25,25.3,1,1
105,17.5,24.3,1,1
105,17.75,25.3,1,1
105,18,24.5,1,1
105,18.25,25.1,1,1
105,18.5,23.9,1,1
105,18.75,23.6,1,1
105,19,23.3,1,1
105,19.25,23.3,1,1
105,19.5,23.6,1,1
105,19.75,24.1,1,1
105,20,15.8,1,1
105,20.25,6.3,1,1
105,20.5,6,1,1
105,20.75,5.9,1,1
105,21,6,1,1
105,21.25,5.9,1,1
105,21.5,6,1,1
105,21.75,5.9,1,1
105,22,6.3,1,1
105,22.25,5.9,1,1
105,22.5,5.9,1,1
105,22.75,5.9,1,1
105,23,5.9,1,1
105,23.25,6,1,1
105,23.5,5.8,1,1
105,23.75,5.7,1,1
105,0,5.6,1,1
105,0.25,5.5,1,1
105,0.5,5.5,1,1
105,0.75,6.1,1,1
105,1,6.2,1,1
105,1.25,6.3,1,1
105,1.5,5.9,1,1
105,1.75,5.9,1,1
105,2,5.8,1,1
105,2.25,5.7,1,1
105,2.5,5.5,1,1
105,2.75,5.9,1,1
105,3,6,1,1
105,3.25,6,1,1
105,3.5,5.8,1,1
105,3.75,5.7,1,1
105,4,5.6,1,1
105,4.25,5.6,1,1
105,4.5,5.5,1,1
105,4.75,5.5,1,1
105,5,5.7,1,1
105,5.25,5.9,1,1
105,5.5,5.8,1,1
105,5.75,5.9,1,1
105,6,5.4,1,1
105,6.25,5.4,1,1
105,6.5,5.8,1,1
105,6.75,6.4,1,1
105,7,5.8,1,1
105,7.25,5.8,1,1
105,7.5,11,1,1
105,7.75,22.1,1,1
105,8,21.8,1,1
105,8.25,21.9,1,1
105,8.5,20.2,1,1
105,8.75,21.6,1,1
105,9,24.4,1,1
105,9.25,23.4,1,1
105,9.5,21.6,1,1
105,9.75,20.5,1,1
105,10,20.9,1,1
105,10.25,20.4,1,1
105,10.5,21,1,1
105,10.75,20.9,1,1
105,11,20.7,1,1
105,11.25,20.9,1,1
105,11.5,20.7,1,1
105,11.75,18.9,1,1
105,12,17.9,1,1
105,12.25,18.9,1,1
105,12.5,19.6,1,1
105,12.75,20.2,1,1
105,13,17.3,1,1
105,13.25,17.8,1,1
105,13.5,19,1,1
105,13.75,21.5,1,1
105,14,20.6,1,1
105,14.25,20.4,1,1
105,14.5,21.3,1,1
105,14.75,20.3,1,1
105,15,20.8,1,1
105,15.25,22.3,1,1
105,15.5,22.3,1,1
105,15.75,21.5,1,1
105,16,20.8,1,1
105,16.25,20.9,1,1
105,16.5,22.9,1,1
105,16.75,24,1,1
105,17,23.6,1,1
105,17.25,24.4,1,1
105,17.5,24.6,1,1
105,17.75,24.4,1,1
105,18,24.1,1,1
105,18.25,24.3,1,1
105,18.5,24.2,1,1
105,18.75,23.9,1,1
105,19,23.5,1,1
105,19.25,23.5,1,1
105,19.5,23.3,1,1
105,19.75,23.1,1,1
105,20,9.9,1,1
105,20.25,5.6,1,1
105,20.5,5.6,1,1
105,20.75,5.6,1,1
105,21,5.5,1,1
105,21.25,5.6,1,1
105,21.5,5.6,1,1
105,21.75,5.6,1,1
105,22,5.5,1,1
105,22.25,5.6,1,1
105,22.5,5.5,1,1
105,22.75,5.6,1,1
105,23,5.5,1,1
105,23.25,6.1,1,1
105,23.5,5.5,1,1
105,23.75,5.6,1,1
105,0,5.5,1,1
105,0.25,5.6,1,1
105,0.5,5.6,1,1
105,0.75,5.6,1,1
105,1,5.6,1,1
105,1.25,5.5,1,1
105,1.5,5.5,1,1
105,1.75,5.7,1,1
105,2,5.7,1,1
105,2.25,6.1,1,1
105,2.5,5.9,1,1
105,2.75,5.7,1,1
105,3,5.6,1,1
105,3.25,5.6,1,1
105,3.5,5.5,1,1
105,3.75,5.6,1,1
105,4,5.6,1,1
105,4.25,5.5,1,1
105,4.5,5.7,1,1
105,4.75,6,1,1
105,5,6,1,1
105,5.25,5.7,1,1
105,5.5,5.5,1,1
105,5.75,5.5,1,1
105,6,5.5,1,1
105,6.25,5.4,1,1
105,6.5,5.9,1,1
105,6.75,5.7,1,1
105,7,5.8,1,1
105,7.25,5.9,1,1
105,7.5,11,1,1
105,7.75,22,1,1
105,8,22.1,1,1
105,8.25,21.8,1,1
105,8.5,19.8,1,1
105,8.75,18.9,1,1
105,9,24.9,1,1
105,9.25,23.1,1,1
105,9.5,21.1,1,1
105,9.75,20.8,1,1
105,10,20.5,1,1
105,10.25,21.1,1,1
105,10.5,20.7,1,1
105,10.75,20.7,1,1
105,11,21.1,1,1
105,11.25,20.9,1,1
105,11.5,22.4,1,1
105,11.75,21.7,1,1
105,12,21.2,1,1
105,12.25,21.4,1,1
105,12.5,21.2,1,1
105,12.75,20.8,1,1
105,13,22.2,1,1
105,13.25,21.6,1,1
105,13.5,21.8,1,1
105,13.75,21.8,1,1
105,14,20,1,1
105,14.25,20.9,1,1
105,14.5,22.1,1,1
105,14.75,21.2,1,1
105,15,21.3,1,1
105,15.25,21.9,1,1
105,15.5,21.6,1,1
105,15.75,21.6,1,1
105,16,21.6,1,1
105,16.25,21.4,1,1
105,16.5,23.2,1,1
105,16.75,24.5,1,1
105,17,24.6,1,1
105,17.25,24.2,1,1
105,17.5,24.6,1,1
105,17.75,24.4,1,1
105,18,23.9,1,1
105,18.25,24.4,1,1
105,18.5,24.2,1,1
105,18.75,24.5,1,1
105,19,23.5,1,1
105,19.25,23.8,1,1
105,19.5,23.5,1,1
105,19.75,23.8,1,1
105,20,10.4,1,1
105,20.25,6.2,1,1
105,20.5,5.6,1,1
105,20.75,5.6,1,1
105,21,5.7,1,1
105,21.25,5.7,1,1
105,21.5,5.7,1,1
105,21.75,6.1,1,1
105,22,6.1,1,1
105,22.25,6.1,1,1
105,22.5,6,1,1
105,22.75,6.1,1,1
105,23,6,1,1
105,23.25,6.1,1,1
105,23.5,5.8,1,1
105,23.75,5.7,1,1
105,0,5.8,1,1
105,0.25,6.5,1,1
105,0.5,6.1,1,1
105,0.75,6.2,1,1
105,1,6,1,1
105,1.25,6.1,1,1
105,1.5,5.9,1,1
105,1.75,5.6,1,1
105,2,5.8,1,1
105,2.25,6.1,1,1
105,2.5,6.2,1,1
105,2.75,6.2,1,1
105,3,6.2,1,1
105,3.25,6.1,1,1
105,3.5,6.2,1,1
105,3.75,6.1,1,1
105,4,6.1,1,1
105,4.25,6.2,1,1
105,4.5,6.1,1,1
105,4.75,6.1,1,1
105,5,6,1,1
105,5.25,5.8,1,1
105,5.5,5.8,1,1
105,5.75,5.7,1,1
105,6,6.3,1,1
105,6.25,6.3,1,1
105,6.5,6.2,1,1
105,6.75,6.3,1,1
105,7,12.4,1,0
105,7.25,22.8,1,0
105,7.5,23,1,0
105,7.75,23.4,1,1
105,8,22.9,1,1
105,8.25,23.3,1,1
105,8.5,24.1,1,0
105,8.75,24.7,1,0
105,9,22.8,1,1
105,9.25,22.1,1,1
105,9.5,21.5,1,1
105,9.75,21.1,1,1
105,10,21.1,1,1
105,10.25,21.2,1,1
105,10.5,20.3,1,1
105,10.75,21.4,1,1
105,11,22.2,1,1
105,11.25,20.9,1,1
105,11.5,19.7,1,1
105,11.75,19.2,1,1
105,12,19.7,1,1
105,12.25,20.9,1,1
105,12.5,20.7,1,1
105,12.75,22.2,1,1
105,13,21.9,1,1
105,13.25,23.2,1,1
105,13.5,22.7,1,1
105,13.75,22.1,1,1
105,14,22.4,1,1
105,14.25,21.3,1,1
105,14.5,21.5,1,1
105,14.75,21.6,1,1
105,15,22.2,1,1
105,15.25,22,1,1
105,15.5,21.9,1,1
105,15.75,21.6,1,1
105,16,23.4,1,1
105,16.25,24.2,1,1
105,16.5,25.2,1,1
105,16.75,26.2,1,1
105,17,25.4,1,1
105,17.25,26.5,1,1
105,17.5,25.3,1,1
105,17.75,24.8,1,1
105,18,15.3,1,0
105,18.25,7.5,1,0
105,18.5,7.2,1,0
105,18.75,7,1,0
105,19,7,1,0
105,19.25,7,1,0
105,19.5,6.9,1,0
105,19.75,7,1,0
105,20,6.3,1,1
105,20.25,6.3,1,1
105,20.5,6.2,1,1
105,20.75,6.1,1,1
105,21,5.9,1,1
105,21.25,6,1,1
105,21.5,6.1,1,1
105,21.75,6,1,1
105,22,6.2,1,1
105,22.25,6.4,1,1
105,22.5,6.1,1,1
105,22.75,6,1,1
105,23,6.2,1,1
105,23.25,6.2,1,1
105,23.5,6.2,1,1
105,23.75,6.1,1,1
105,0,5.4,1,1
105,0.25,5.6,1,1
105,0.5,5.6,1,1
105,0.75,5.4,1,1
105,1,5.2,1,1
105,1.25,5.3,1,1
105,1.5,5.2,1,1
105,1.75,5.5,1,1
105,2,5.7,1,1
105,2.25,5.6,1,1
105,2.5,5.3,1,1
105,2.75,5.2,1,1
105,3,5.2,1,1
105,3.25,5.3,1,1
105,3.5,5.7,1,1
105,3.75,6.1,1,1
105,4,5.5,1,1
105,4.25,5.3,1,1
105,4.5,5.1,1,1
105,4.75,5.2,1,1
105,5,5.1,1,1
105,5.25,5.3,1,1
105,5.5,5.5,1,1
105,5.75,5.5,1,1
105,6,5.5,1,1
105,6.25,5.3,1,1
105,6.5,5.8,1,1
105,6.75,5.6,1,1
105,7,5.6,1,1
105,7.25,5.7,1,1
105,7.5,5.9,1,1
105,7.75,21.9,1,1
105,8,22,1,1
105,8.25,22,1,1
105,8.5,20.1,1,1
105,8.75,20.5,1,1
105,9,26.1,1,1
105,9.25,24.5,1,1
105,9.5,21.2,1,1
105,9.75,20.7,1,1
105,10,21.5,1,1
105,10.25,21.5,1,1
105,10.5,21.4,1,1
105,10.75,20.9,1,1
105,11,21.5,1,1
105,11.25,19.9,1,1
105,11.5,20.2,1,1
105,11.75,21.4,1,1
105,12,22.2,1,1
105,12.25,21.5,1,1
105,12.5,21.5,1,1
105,12.75,22.2,1,1
105,13,21.8,1,1
105,13.25,22.1,1,1
105,13.5,21.7,1,1
105,13.75,21.5,1,1
105,14,21.3,1,1
105,14.25,21.3,1,1
105,14.5,21.3,1,1
105,14.75,21.4,1,1
105,15,21.7,1,1
105,15.25,23.6,1,1
105,15.5,22.1,1,1
105,15.75,21.7,1,1
105,16,21.4,1,1
105,16.25,21.6,1,1
105,16.5,24,1,1
105,16.75,24.6,1,1
105,17,24.2,1,1
105,17.25,24.2,1,1
105,17.5,24.6,1,1
105,17.75,24.3,1,1
105,18,24.1,1,1
105,18.25,23.4,1,1
105,18.5,23.8,1,1
105,18.75,23.5,1,1
105,19,23.2,1,1
105,19.25,23.4,1,1
105,19.5,23.4,1,1
105,19.75,23,1,1
105,20,22.4,1,0
105,20.25,21.8,1,0
105,20.5,22,1,0
105,20.75,21.6,1,0
105,21,21.6,1,0
105,21.25,17.6,1,0
105,21.5,5.3,1,1
105,21.75,5.2,1,1
105,22,5.3,1,1
105,22.25,5.4,1,1
105,22.5,5.3,1,1
105,22.75,5.3,1,1
105,23,5.3,1,1
105,23.25,5.3,1,1
105,23.5,5.3,1,1
105,23.75,5.3,1,1
105,0,5.3,1,1
105,0.25,5.3,1,1
105,0.5,5.5,1,1
105,0.75,5.7,1,1
105,1,5.7,1,1
105,1.25,5.7,1,1
105,1.5,5.5,1,1
105,1.75,5.3,1,1
105,2,5.3,1,1
105,2.25,5.3,1,1
105,2.5,5.3,1,1
105,2.75,5.3,1,1
105,3,5.7,1,1
105,3.25,5.6,1,1
105,3.5,5.7,1,1
105,3.75,5.8,1,1
105,4,6.1,1,1
105,4.25,5.5,1,1
105,4.5,5.2,1,1
105,4.75,5.4,1,1
105,5,5.7,1,1
105,5.25,5.8,1,1
105,5.5,5.6,1,1
105,5.75,5.2,1,1
105,6,5.1,1,1
105,6.25,5,1,1
105,6.5,5.7,1,1
105,6.75,5.6,1,1
105,7,5.6,1,1
105,7.25,5.6,1,1
105,7.5,11.1,1,1
105,7.75,21.9,1,1
105,8,21.9,1,1
105,8.25,21.7,1,1
105,8.5,19.9,1,1
105,8.75,19.2,1,1
105,9,25.5,1,1
105,9.25,23.1,1,1
105,9.5,21.9,1,1
105,9.75,21.5,1,1
105,10,21.3,1,1
105,10.25,20.9,1,1
105,10.5,22,1,1
105,10.75,20.3,1,1
105,11,20.8,1,1
105,11.25,18.2,1,1
105,11.5,17.4,1,1
105,11.75,18.5,1,1
105,12,19.8,1,1
105,12.25,19,1,1
105,12.5,19,1,1
105,12.75,18.6,1,1
105,13,20.1,1,1
105,13.25,19.2,1,1
105,13.5,21,1,1
105,13.75,19.9,1,1
105,14,21.5,1,1
105,14.25,21.4,1,1
105,14.5,20.9,1,1
105,14.75,21.2,1,1
105,15,21,1,1
105,15.25,21.7,1,1
105,15.5,22.3,1,1
105,15.75,22.1,1,1
105,16,21.6,1,1
105,16.25,21.7,1,1
105,16.5,24.2,1,1
105,16.75,23.9,1,1
105,17,24.3,1,1
105,17.25,24.8,1,1
105,17.5,24.9,1,1
105,17.75,23.8,1,1
105,18,24.7,1,1
105,18.25,24.4,1,1
105,18.5,23.7,1,1
105,18.75,23.6,1,1
105,19,23.4,1,1
105,19.25,23.8,1,1
105,19.5,22.5,1,1
105,19.75,22.3,1,1
105,20,9.7,1,1
105,20.25,5.6,1,1
105,20.5,5.5,1,1
105,20.75,5.6,1,1
105,21,5.4,1,1
105,21.25,5.2,1,1
105,21.5,5.3,1,1
105,21.75,5.7,1,1
105,22,5.2,1,1
105,22.25,5.2,1,1
105,22.5,5.2,1,1
105,22.75,5.2,1,1
105,23,5.3,1,1
105,23.25,5.3,1,1
105,23.5,5.3,1,1
105,23.75,5.3,1,1
105,0,5.3,1,1
105,0.25,5.3,1,1
105,0.5,5.2,1,1
105,0.75,5.2,1,1
105,1,5.2,1,1
105,1.25,5.3,1,1
105,1.5,5.1,1,1
105,1.75,5.3,1,1
105,2,5.5,1,1
105,2.25,5.7,1,1
105,2.5,5.7,1,1
105,2.75,5.6,1,1
105,3,5.4,1,1
105,3.25,5.2,1,1
105,3.5,5.2,1,1
105,3.75,5.5,1,1
105,4,5.6,1,1
105,4.25,5.6,1,1
105,4.5,5.4,1,1
105,4.75,5.2,1,1
105,5,5.2,1,1
105,5.25,5.3,1,1
105,5.5,5.6,1,1
105,5.75,5.5,1,1
105,6,5.6,1,1
105,6.25,5.5,1,1
105,6.5,5.7,1,1
105,6.75,5.6,1,1
105,7,5.5,1,1
105,7.25,5.5,1,1
105,7.5,6.5,1,1
105,7.75,22,1,1
105,8,21.7,1,1
105,8.25,21.7,1,1
105,8.5,19.9,1,1
105,8.75,19.1,1,1
105,9,25.6,1,1
105,9.25,24,1,1
105,9.5,22.6,1,1
105,9.75,21.6,1,1
105,10,21.6,1,1
105,10.25,21,1,1
105,10.5,19.3,1,1
105,10.75,20.4,1,1
105,11,19.2,1,1
105,11.25,19,1,1
105,11.5,20.8,1,1
105,11.75,21.2,1,1
105,12,22.9,1,1
105,12.25,22,1,1
105,12.5,21.8,1,1
105,12.75,21.8,1,1
105,13,19.5,1,1
105,13.25,19.9,1,1
105,13.5,18.4,1,1
105,13.75,19.5,1,1
105,14,21.3,1,1
105,14.25,21.4,1,1
105,14.5,20.3,1,1
105,14.75,20.8,1,1
105,15,21.3,1,1
105,15.25,22.1,1,1
105,15.5,21.7,1,1
105,15.75,22.3,1,1
105,16,22.1,1,1
105,16.25,21.1,1,1
105,16.5,23.8,1,1
105,16.75,24.5,1,1
105,17,25,1,1
105,17.25,25.7,1,1
105,17.5,25.2,1,1
105,17.75,24.2,1,1
105,18,24,1,1
105,18.25,23.9,1,1
105,18.5,24,1,1
105,18.75,23.9,1,1
105,19,24.6,1,1
105,19.25,24.9,1,1
105,19.5,23.1,1,1
105,19.75,22.7,1,1
105,20,8.4,1,1
105,20.25,5.4,1,1
105,20.5,5.4,1,1
105,20.75,5.3,1,1
105,21,5.2,1,1
105,21.25,5.3,1,1
105,21.5,5.2,1,1
105,21.75,5.3,1,1
105,22,5.3,1,1
105,22.25,5.2,1,1
105,22.5,5.3,1,1
105,22.75,5.2,1,1
105,23,5.4,1,1
105,23.25,5.6,1,1
105,23.5,5.7,1,1
105,23.75,5.7,1,1
105,0,6.1,1,1
105,0.25,5.7,1,1
105,0.5,5.7,1,1
105,0.75,5.7,1,1
105,1,5.7,1,1
105,1.25,5.5,1,1
105,1.5,5.3,1,1
105,1.75,5.2,1,1
105,2,5.2,1,1
105,2.25,5.3,1,1
105,2.5,5.4,1,1
105,2.75,5.6,1,1
105,3,5.6,1,1
105,3.25,5.7,1,1
105,3.5,5.6,1,1
105,3.75,5.6,1,1
105,4,5.5,1,1
105,4.25,5.2,1,1
105,4.5,5.2,1,1
105,4.75,5.3,1,1
105,5,5.7,1,1
105,5.25,5.6,1,1
105,5.5,5.5,1,1
105,5.75,5.4,1,1
105,6,5.1,1,1
105,6.25,5.2,1,1
105,6.5,5.2,1,1
105,6.75,5.6,1,1
105,7,5.5,1,1
105,7.25,5.6,1,1
105,7.5,10.6,1,1
105,7.75,22.2,1,1
105,8,22.1,1,1
105,8.25,21.9,1,1
105,8.5,20.1,1,1
105,8.75,22.3,1,1
105,9,25.3,1,1
105,9.25,23.1,1,1
105,9.5,21.3,1,1
105,9.75,21,1,1
105,10,20.8,1,1
105,10.25,20.8,1,1
105,10.5,21.4,1,1
105,10.75,21.4,1,1
105,11,20.6,1,1
105,11.25,21.3,1,1
105,11.5,19.3,1,1
105,11.75,21.2,1,1
105,12,20.8,1,1
105,12.25,22,1,1
105,12.5,22.1,1,1
105,12.75,22.8,1,1
105,13,21.7,1,1
105,13.25,23.1,1,1
105,13.5,22.4,1,1
105,13.75,21.8,1,1
105,14,21.9,1,1
105,14.25,22,1,1
105,14.5,21.5,1,1
105,14.75,21,1,1
105,15,21.1,1,1
105,15.25,21.4,1,1
105,15.5,20.9,1,1
105,15.75,21.8,1,1
105,16,21.8,1,1
105,16.25,21.4,1,1
105,16.5,23.9,1,1
105,16.75,25,1,1
105,17,25.5,1,1
105,17.25,24.9,1,1
105,17.5,25.1,1,1
105,17.75,24.8,1,1
105,18,25.1,1,1
105,18.25,25.7,1,1
105,18.5,24.2,1,1
105,18.75,23.8,1,1
105,19,23.6,1,1
105,19.25,23.5,1,1
105,19.5,22.8,1,1
105,19.75,22.9,1,1
105,20,14.2,1,1
105,20.25,5.4,1,1
105,20.5,5.4,1,1
105,20.75,5.2,1,1
105,21,5.2,1,1
105,21.25,5.3,1,1
105,21.5,5.3,1,1
105,21.75,5.3,1,1
105,22,5.2,1,1
105,22.25,5.3,1,1
105,22.5,5.3,1,1
105,22.75,5.4,1,1
105,23,5.7,1,1
105,23.25,5.7,1,1
105,23.5,5.6,1,1
105,23.75,5.7,1,1
105,0,5.7,1,1
105,0.25,5.7,1,1
105,0.5,5.7,1,1
105,0.75,5.6,1,1
105,1,5.3,1,1
105,1.25,5.3,1,1
105,1.5,5.3,1,1
105,1.75,5.7,1,1
105,2,5.7,1,1
105,2.25,5.9,1,1
105,2.5,5.9,1,1
105,2.75,5.8,1,1
105,3,5.6,1,1
105,3.25,5.4,1,1
105,3.5,5.3,1,1
105,3.75,5.3,1,1
105,4,5.4,1,1
105,4.25,5.8,1,1
105,4.5,5.7,1,1
105,4.75,5.6,1,1
105,5,5.7,1,1
105,5.25,5.6,1,1
105,5.5,5.8,1,1
105,5.75,5.5,1,1
105,6,5.2,1,1
105,6.25,5.6,1,1
105,6.5,5.7,1,1
105,6.75,5.6,1,1
105,7,5.6,1,1
105,7.25,5.6,1,1
105,7.5,10.5,1,1
105,7.75,22.1,1,1
105,8,21.8,1,1
105,8.25,21.8,1,1
105,8.5,20.2,1,1
105,8.75,22.1,1,1
105,9,23.8,1,1
105,9.25,22.9,1,1
105,9.5,21.7,1,1
105,9.75,21.1,1,1
105,10,21,1,1
105,10.25,22.1,1,1
105,10.5,20.6,1,1
105,10.75,20.8,1,1
105,11,21.6,1,1
105,11.25,20.9,1,1
105,11.5,21.5,1,1
105,11.75,20.9,1,1
105,12,20.2,1,1
105,12.25,21.5,1,1
105,12.5,23.1,1,1
105,12.75,21.9,1,1
105,13,22.6,1,1
105,13.25,22.4,1,1
105,13.5,21.2,1,1
105,13.75,22.3,1,1
105,14,22.2,1,1
105,14.25,21,1,1
105,14.5,21.7,1,1
105,14.75,20.9,1,1
105,15,21.3,1,1
105,15.25,21.4,1,1
105,15.5,22,1,1
105,15.75,22.5,1,1
105,16,22.5,1,1
105,16.25,22.2,1,1
105,16.5,23,1,1
105,16.75,25.4,1,1
105,17,24.7,1,1
105,17.25,24,1,1
105,17.5,24.5,1,1
105,17.75,23.6,1,1
105,18,23.8,1,1
105,18.25,24.6,1,1
105,18.5,24.6,1,1
105,18.75,24.1,1,1
105,19,24.4,1,1
105,19.25,23.6,1,1
105,19.5,24.5,1,1
105,19.75,23.6,1,1
105,20,10.1,1,1
105,20.25,5.8,1,1
105,20.5,6,1,1
105,20.75,5.5,1,1
105,21,5.5,1,1
105,21.25,5.4,1,1
105,21.5,6,1,1
105,21.75,5.9,1,1
105,22,5.9,1,1
105,22.25,5.8,1,1
105,22.5,5.9,1,1
105,22.75,5.9,1,1
105,23,5.8,1,1
105,23.25,5.9,1,1
105,23.5,5.8,1,1
105,23.75,5.8,1,1
105,0,5.9,1,1
105,0.25,5.9,1,1
105,0.5,5.8,1,1
105,0.75,5.9,1,1
105,1,5.9,1,1
105,1.25,5.9,1,1
105,1.5,5.9,1,1
105,1.75,5.9,1,1
105,2,5.9,1,1
105,2.25,5.8,1,1
105,2.5,5.9,1,1
105,2.75,5.8,1,1
105,3,5.5,1,1
105,3.25,5.4,1,1
105,3.5,5.6,1,1
105,3.75,5.9,1,1
105,4,5.9,1,1
105,4.25,5.8,1,1
105,4.5,5.9,1,1
105,4.75,6,1,1
105,5,6.2,1,1
105,5.25,5.9,1,1
105,5.5,5.9,1,1
105,5.75,5.9,1,1
105,6,5.8,1,1
105,6.25,6,1,1
105,6.5,6.1,1,1
105,6.75,5.9,1,1
105,7,10.1,1,0
105,7.25,22.6,1,0
105,7.5,22.9,1,0
105,7.75,22.8,1,1
105,8,22.5,1,1
105,8.25,22.2,1,1
105,8.5,20.4,1,1
105,8.75,19.6,1,1
105,9,22.3,1,1
105,9.25,23.2,1,1
105,9.5,22.9,1,1
105,9.75,22.7,1,1
105,10,21.5,1,1
105,10.25,21,1,1
105,10.5,21.3,1,1
105,10.75,22.8,1,1
105,11,22,1,1
105,11.25,19.6,1,1
105,11.5,19.3,1,1
105,11.75,20.3,1,1
105,12,20.1,1,1
105,12.25,19.8,1,1
105,12.5,21,1,1
105,12.75,19.9,1,1
105,13,20.4,1,1
105,13.25,21.1,1,1
105,13.5,18.9,1,1
105,13.75,21.1,1,1
105,14,22.6,1,1
105,14.25,19.6,1,1
105,14.5,21.1,1,1
105,14.75,22.2,1,1
105,15,19.7,1,1
105,15.25,23.2,1,1
105,15.5,23.5,1,1
105,15.75,22.8,1,1
105,16,22.4,1,1
105,16.25,22.4,1,1
105,16.5,25.2,1,1
105,16.75,24.2,1,1
105,17,25.1,1,1
105,17.25,24.8,1,1
105,17.5,24.9,1,1
105,17.75,24.6,1,1
105,18,23.9,1,1
105,18.25,12.5,1,0
105,18.5,7.1,1,0
105,18.75,6.9,1,0
105,19,6.4,1,0
105,19.25,6.2,1,0
105,19.5,6.2,1,0
105,19.75,6.3,1,0
105,20,5.7,1,1
105,20.25,5.7,1,1
105,20.5,5.5,1,1
105,20.75,5.6,1,1
105,21,5.5,1,1
105,21.25,5.5,1,1
105,21.5,6,1,1
105,21.75,6,1,1
105,22,5.9,1,1
105,22.25,5.8,1,1
105,22.5,5.9,1,1
105,22.75,6.2,1,1
105,23,6.1,1,1
105,23.25,5.8,1,1
105,23.5,6,1,1
105,23.75,5.9,1,1
105,0,5.9,1,1
105,0.25,5.9,1,1
105,0.5,6.2,1,1
105,0.75,5.9,1,1
105,1,5.9,1,1
105,1.25,5.7,1,1
105,1.5,5.8,1,1
105,1.75,5.8,1,1
105,2,5.8,1,1
105,2.25,5.9,1,1
105,2.5,5.9,1,1
105,2.75,5.8,1,1
105,3,5.8,1,1
105,3.25,5.9,1,1
105,3.5,5.8,1,1
105,3.75,5.8,1,1
105,4,5.8,1,1
105,4.25,5.8,1,1
105,4.5,5.7,1,1
105,4.75,5.9,1,1
105,5,5.8,1,1
105,5.25,5.8,1,1
105,5.5,5.8,1,1
105,5.75,5.8,1,1
105,6,5.9,1,1
105,6.25,5.8,1,1
105,6.5,6.1,1,1
105,6.75,6,1,1
105,7,5.9,1,1
105,7.25,6,1,1
105,7.5,11.3,1,1
105,7.75,22.5,1,1
105,8,22.6,1,1
105,8.25,22.3,1,1
105,8.5,20.5,1,1
105,8.75,20.2,1,1
105,9,26.6,1,1
105,9.25,23.2,1,1
105,9.5,22.1,1,1
105,9.75,22,1,1
105,10,22.1,1,1
105,10.25,21.5,1,1
105,10.5,20.4,1,1
105,10.75,20.4,1,1
105,11,19.5,1,1
105,11.25,18.8,1,1
105,11.5,18.8,1,1
105,11.75,20.8,1,1
105,12,20.9,1,1
105,12.25,19.9,1,1
105,12.5,19.8,1,1
105,12.75,20.9,1,1
105,13,19.5,1,1
105,13.25,21.2,1,1
105,13.5,19,1,1
105,13.75,19.5,1,1
105,14,18.7,1,1
105,14.25,19.7,1,1
105,14.5,19.9,1,1
105,14.75,19.7,1,1
105,15,20,1,1
105,15.25,21.7,1,1
105,15.5,21.7,1,1
105,15.75,22.2,1,1
105,16,22.7,1,1
105,16.25,22.5,1,1
105,16.5,24.4,1,1
105,16.75,25.4,1,1
105,17,25.2,1,1
105,17.25,25.3,1,1
105,17.5,25.7,1,1
105,17.75,24.6,1,1
105,18,25.4,1,1
105,18.25,24.4,1,1
105,18.5,23.9,1,1
105,18.75,23.9,1,1
105,19,23.7,1,1
105,19.25,23.9,1,1
105,19.5,23.5,1,1
105,19.75,23.4,1,1
105,20,13.1,1,1
105,20.25,6,1,1
105,20.5,5.8,1,1
105,20.75,6.1,1,1
105,21,5.9,1,1
105,21.25,5.9,1,1
105,21.5,5.8,1,1
105,21.75,5.9,1,1
105,22,5.8,1,1
105,22.25,5.8,1,1
105,22.5,5.9,1,1
105,22.75,5.8,1,1
105,23,5.9,1,1
105,23.25,5.9,1,1
105,23.5,5.8,1,1
105,23.75,5.9,1,1
105,0,5.9,1,1
105,0.25,5.9,1,1
105,0.5,5.8,1,1
105,0.75,6.3,1,1
105,1,6,1,1
105,1.25,5.9,1,1
105,1.5,5.9,1,1
105,1.75,5.8,1,1
105,2,5.9,1,1
105,2.25,5.8,1,1
105,2.5,5.8,1,1
105,2.75,5.8,1,1
105,3,5.8,1,1
105,3.25,5.9,1,1
105,3.5,5.8,1,1
105,3.75,5.8,1,1
105,4,5.9,1,1
105,4.25,5.8,1,1
105,4.5,5.7,1,1
105,4.75,5.8,1,1
105,5,5.7,1,1
105,5.25,5.9,1,1
105,5.5,5.8,1,1
105,5.75,5.8,1,1
105,6,5.9,1,1
105,6.25,5.8,1,1
105,6.5,5.9,1,1
105,6.75,6,1,1
105,7,5.9,1,1
105,7.25,6.1,1,1
105,7.5,6.4,1,1
105,7.75,21.9,1,1
105,8,22.6,1,1
105,8.25,22.2,1,1
105,8.5,20.2,1,1
105,8.75,19.8,1,1
105,9,26.4,1,1
105,9.25,23.8,1,1
105,9.5,22,1,1
105,9.75,21.4,1,1
105,10,21.2,1,1
105,10.25,21,1,1
105,10.5,20.8,1,1
105,10.75,20.5,1,1
105,11,19.1,1,1
105,11.25,18.5,1,1
105,11.5,19.5,1,1
105,11.75,18.9,1,1
105,12,19.2,1,1
105,12.25,20.7,1,1
105,12.5,22.4,1,1
105,12.75,22.5,1,1
105,13,21.3,1,1
105,13.25,20.9,1,1
105,13.5,19,1,1
105,13.75,20,1,1
105,14,21.9,1,1
105,14.25,21.1,1,1
105,14.5,21.5,1,1
105,14.75,21.7,1,1
105,15,22.1,1,1
105,15.25,22.3,1,1
105,15.5,21.9,1,1
105,15.75,23.8,1,1
105,16,22.6,1,1
105,16.25,22.5,1,1
105,16.5,24.4,1,1
105,16.75,25,1,1
105,17,24.8,1,1
105,17.25,24.6,1,1
105,17.5,24.4,1,1
105,17.75,25,1,1
105,18,24.7,1,1
105,18.25,24.3,1,1
105,18.5,24.2,1,1
105,18.75,24.8,1,1
105,19,24.1,1,1
105,19.25,24.4,1,1
105,19.5,23.9,1,1
105,19.75,23.4,1,1
105,20,12.3,1,1
105,20.25,6.8,1,1
105,20.5,6.2,1,1
105,20.75,6,1,1
105,21,5.8,1,1
105,21.25,5.8,1,1
105,21.5,5.8,1,1
105,21.75,5.8,1,1
105,22,5.9,1,1
105,22.25,5.9,1,1
105,22.5,5.9,1,1
105,22.75,5.9,1,1
105,23,5.9,1,1
105,23.25,5.8,1,1
105,23.5,5.9,1,1
105,23.75,5.9,1,1
105,0,5.9,1,1
105,0.25,5.9,1,1
105,0.5,5.8,1,1
105,0.75,5.9,1,1
105,1,5.9,1,1
105,1.25,6.3,1,1
105,1.5,5.9,1,1
105,1.75,5.9,1,1
105,2,5.9,1,1
105,2.25,5.8,1,1
105,2.5,5.7,1,1
105,2.75,5.7,1,1
105,3,5.7,1,1
105,3.25,5.7,1,1
105,3.5,5.7,1,1
105,3.75,5.8,1,1
105,4,5.7,1,1
105,4.25,5.8,1,1
105,4.5,5.8,1,1
105,4.75,5.7,1,1
105,5,5.7,1,1
105,5.25,5.7,1,1
105,5.5,5.6,1,1
105,5.75,5.8,1,1
105,6,5.8,1,1
105,6.25,5.9,1,1
105,6.5,5.9,1,1
105,6.75,6,1,1
105,7,6,1,1
105,7.25,6.1,1,1
105,7.5,8.5,1,1
105,7.75,22.1,1,1
105,8,22.6,1,1
105,8.25,22.1,1,1
105,8.5,20.1,1,1
105,8.75,19.5,1,1
105,9,25.7,1,1
105,9.25,23.9,1,1
105,9.5,21.4,1,1
105,9.75,21.6,1,1
105,10,21.2,1,1
105,10.25,22.6,1,1
105,10.5,20.6,1,1
105,10.75,21.8,1,1
105,11,21.8,1,1
105,11.25,21.3,1,1
105,11.5,21.3,1,1
105,11.75,21.5,1,1
105,12,20.8,1,1
105,12.25,20.6,1,1
105,12.5,19.8,1,1
105,12.75,21.2,1,1
105,13,20.9,1,1
105,13.25,21.4,1,1
105,13.5,21.5,1,1
105,13.75,21.6,1,1
105,14,21.2,1,1
105,14.25,23,1,1
105,14.5,21.7,1,1
105,14.75,22.2,1,1
105,15,23,1,1
105,15.25,22.4,1,1
105,15.5,22.5,1,1
105,15.75,22.4,1,1
105,16,23.4,1,1
105,16.25,22.6,1,1
105,16.5,24.2,1,1
105,16.75,26.1,1,1
105,17,25.5,1,1
105,17.25,25.6,1,1
105,17.5,25.3,1,1
105,17.75,24.9,1,1
105,18,26.3,1,1
105,18.25,25.2,1,1
105,18.5,24.7,1,1
105,18.75,25.8,1,1
105,19,25.1,1,1
105,19.25,24.5,1,1
105,19.5,25.1,1,1
105,19.75,24.9,1,1
105,20,16.3,1,1
105,20.25,6.1,1,1
105,20.5,6.4,1,1
105,20.75,6.3,1,1
105,21,6.2,1,1
105,21.25,6.2,1,1
105,21.5,6.2,1,1
105,21.75,6.1,1,1
105,22,6.1,1,1
105,22.25,6,1,1
105,22.5,6.1,1,1
105,22.75,6.1,1,1
105,23,6.3,1,1
105,23.25,6.1,1,1
105,23.5,6.2,1,1
105,23.75,6.1,1,1
105,0,6.2,1,1
105,0.25,6.1,1,1
105,0.5,6.1,1,1
105,0.75,6.1,1,1
105,1,6.1,1,1
105,1.25,6.1,1,1
105,1.5,6.2,1,1
105,1.75,6.1,1,1
105,2,6.2,1,1
105,2.25,6.2,1,1
105,2.5,6.6,1,1
105,2.75,6.1,1,1
105,3,6.2,1,1
105,3.25,6.1,1,1
105,3.5,6,1,1
105,3.75,6.1,1,1
105,4,6.2,1,1
105,4.25,6.1,1,1
105,4.5,6.1,1,1
105,4.75,6.1,1,1
105,5,6.1,1,1
105,5.25,6.1,1,1
105,5.5,6,1,1
105,5.75,6.1,1,1
105,6,6.1,1,1
105,6.25,6,1,1
105,6.5,6.1,1,1
105,6.75,6.2,1,1
105,7,6.2,1,1
105,7.25,6.3,1,1
105,7.5,9.4,1,1
105,7.75,22.9,1,1
105,8,23.3,1,1
105,8.25,23,1,1
105,8.5,21,1,1
105,8.75,20.9,1,1
105,9,26.5,1,1
105,9.25,23.7,1,1
105,9.5,22.4,1,1
105,9.75,22,1,1
105,10,19.9,1,1
105,10.25,21.5,1,1
105,10.5,19.6,1,1
105,10.75,19.8,1,1
105,11,20.8,1,1
105,11.25,19.6,1,1
105,11.5,19.5,1,1
105,11.75,19.6,1,1
105,12,19.7,1,1
105,12.25,19.8,1,1
105,12.5,19.2,1,1
105,12.75,19.2,1,1
105,13,19.5,1,1
105,13.25,19.6,1,1
105,13.5,18.6,1,1
105,13.75,21.7,1,1
105,14,22.3,1,1
105,14.25,22.1,1,1
105,14.5,20.3,1,1
105,14.75,22.6,1,1
105,15,23.2,1,1
105,15.25,24,1,1
105,15.5,23.4,1,1
105,15.75,22.3,1,1
105,16,22.6,1,1
105,16.25,23.1,1,1
105,16.5,24,1,1
105,16.75,25.2,1,1
105,17,25.5,1,1
105,17.25,27,1,0
105,17.5,25.9,1,1
105,17.75,25.6,1,1
105,18,25.5,1,1
105,18.25,26.1,1,1
105,18.5,26.3,1,1
105,18.75,25.8,1,1
105,19,26,1,1
105,19.25,24.9,1,1
105,19.5,25.8,1,1
105,19.75,25.3,1,1
105,20,10.1,1,1
105,20.25,6.4,1,1
105,20.5,6.3,1,1
105,20.75,6.1,1,1
105,21,5.9,1,1
105,21.25,5.9,1,1
105,21.5,5.8,1,1
105,21.75,5.9,1,1
105,22,5.9,1,1
105,22.25,6.1,1,1
105,22.5,6.3,1,1
105,22.75,6.3,1,1
105,23,6.4,1,1
105,23.25,6.3,1,1
105,23.5,6.4,1,1
105,23.75,6.4,1,1
105,0,6.3,1,1
105,0.25,6.3,1,1
105,0.5,6.2,1,1
105,0.75,6.4,1,1
105,1,6.2,1,1
105,1.25,6.3,1,1
105,1.5,6.2,1,1
105,1.75,6.1,1,1
105,2,5.9,1,1
105,2.25,5.9,1,1
105,2.5,6.3,1,1
105,2.75,6.4,1,1
105,3,6.3,1,1
105,3.25,6.3,1,1
105,3.5,6.3,1,1
105,3.75,6.4,1,1
105,4,6.3,1,1
105,4.25,6.2,1,1
105,4.5,6.2,1,1
105,4.75,6.3,1,1
105,5,6.6,1,1
105,5.25,6.5,1,1
105,5.5,6.3,1,1
105,5.75,6.3,1,1
105,6,6.3,1,1
105,6.25,6.4,1,1
105,6.5,6.3,1,1
105,6.75,6.3,1,1
105,7,6.4,1,1
105,7.25,6.4,1,1
105,7.5,15.1,1,1
105,7.75,23.4,1,1
105,8,23.5,1,1
105,8.25,23.3,1,1
105,8.5,21.1,1,1
105,8.75,22.4,1,1
105,9,26.4,1,1
105,9.25,23.7,1,1
105,9.5,22.7,1,1
105,9.75,22.8,1,1
105,10,21,1,1
105,10.25,22.1,1,1
105,10.5,21.8,1,1
105,10.75,20.1,1,1
105,11,21.1,1,1
105,11.25,20.4,1,1
105,11.5,21.9,1,1
105,11.75,21.7,1,1
105,12,21.2,1,1
105,12.25,21.1,1,1
105,12.5,20.4,1,1
105,12.75,20.2,1,1
105,13,20,1,1
105,13.25,20.8,1,1
105,13.5,20,1,1
105,13.75,20.6,1,1
105,14,19.7,1,1
105,14.25,19.8,1,1
105,14.5,22.5,1,1
105,14.75,20.1,1,1
105,15,22.8,1,1
105,15.25,24.6,1,1
105,15.5,24,1,1
105,15.75,23.2,1,1
105,16,23.2,1,1
105,16.25,24,1,1
105,16.5,26.1,1,1
105,16.75,26.7,1,1
105,17,25.8,1,1
105,17.25,25.8,1,1
105,17.5,26.2,1,1
105,17.75,25.3,1,1
105,18,26.4,1,1
105,18.25,25.8,1,1
105,18.5,25.5,1,1
105,18.75,26.5,1,1
105,19,25.6,1,1
105,19.25,25.8,1,1
105,19.5,24.9,1,1
105,19.75,25,1,1
105,20,11.9,1,1
105,20.25,6.6,1,1
105,20.5,6.4,1,1
105,20.75,6.1,1,1
105,21,5.9,1,1
105,21.25,5.9,1,1
105,21.5,6.2,1,1
105,21.75,6.3,1,1
105,22,6.2,1,1
105,22.25,6.3,1,1
105,22.5,6.3,1,1
105,22.75,6.3,1,1
105,23,6.2,1,1
105,23.25,6.2,1,1
105,23.5,6.3,1,1
105,23.75,6.2,1,1
105,0,6.3,1,1
105,0.25,6.2,1,1
105,0.5,6.2,1,1
105,0.75,6.1,1,1
105,1,6.2,1,1
105,1.25,6.1,1,1
105,1.5,6.1,1,1
105,1.75,6.2,1,1
105,2,6.2,1,1
105,2.25,6,1,1
105,2.5,6.1,1,1
105,2.75,6.2,1,1
105,3,6.1,1,1
105,3.25,6.1,1,1
105,3.5,6.2,1,1
105,3.75,6.2,1,1
105,4,6.2,1,1
105,4.25,6.3,1,1
105,4.5,6.5,1,1
105,4.75,6.1,1,1
105,5,6.1,1,1
105,5.25,6.2,1,1
105,5.5,6.2,1,1
105,5.75,6.3,1,1
105,6,6.3,1,1
105,6.25,6.3,1,1
105,6.5,6.4,1,1
105,6.75,6.4,1,1
105,7,14.1,1,0
105,7.25,24,1,0
105,7.5,24.1,1,0
105,7.75,24.1,1,0
105,8,23.9,1,1
105,8.25,23.7,1,1
105,8.5,24.6,1,0
105,8.75,24,1,0
105,9,23.4,1,1
105,9.25,24.8,1,1
105,9.5,22.8,1,1
105,9.75,22.4,1,1
105,10,21.8,1,1
105,10.25,22.7,1,1
105,10.5,23,1,1
105,10.75,21.6,1,1
105,11,23.4,1,1
105,11.25,22,1,1
105,11.5,20.6,1,1
105,11.75,21.3,1,1
105,12,21.8,1,1
105,12.25,22.4,1,1
105,12.5,21,1,1
105,12.75,21.4,1,1
105,13,22.7,1,1
105,13.25,19.7,1,1
105,13.5,20.4,1,1
105,13.75,21,1,1
105,14,22.4,1,1
105,14.25,24.1,1,1
105,14.5,23.6,1,1
105,14.75,22.6,1,1
105,15,23.5,1,1
105,15.25,23.3,1,1
105,15.5,23.9,1,1
105,15.75,23.9,1,1
105,16,23.1,1,1
105,16.25,23.5,1,1
105,16.5,26.5,1,1
105,16.75,26.3,1,1
105,17,26.5,1,1
105,17.25,26.4,1,1
105,17.5,26.6,1,1
105,17.75,25.2,1,1
105,18,18.5,1,1
105,18.25,7.2,1,0
105,18.5,7,1,0
105,18.75,6.6,1,0
105,19,6.6,1,0
105,19.25,6.6,1,0
105,19.5,6.6,1,0
105,19.75,6.9,1,0
105,20,6.3,1,1
105,20.25,6,1,1
105,20.5,6.1,1,1
105,20.75,6.4,1,1
105,21,6.2,1,1
105,21.25,6.2,1,1
105,21.5,6.1,1,1
105,21.75,6.2,1,1
105,22,6.2,1,1
105,22.25,6.2,1,1
105,22.5,6.2,1,1
105,22.75,6.2,1,1
105,23,6.2,1,1
105,23.25,6.3,1,1
105,23.5,6.2,1,1
105,23.75,6.1,1,1
105,0,5.8,1,1
105,0.25,5.9,1,1
105,0.5,5.9,1,1
105,0.75,5.8,1,1
105,1,5.9,1,1
105,1.25,5.8,1,1
105,1.5,5.8,1,1
105,1.75,5.9,1,1
105,2,5.8,1,1
105,2.25,5.4,1,1
105,2.5,5.8,1,1
105,2.75,5.8,1,1
105,3,5.9,1,1
105,3.25,5.8,1,1
105,3.5,5.7,1,1
105,3.75,5.8,1,1
105,4,5.8,1,1
105,4.25,5.9,1,1
105,4.5,5.8,1,1
105,4.75,5.8,1,1
105,5,5.3,1,1
105,5.25,5.5,1,1
105,5.5,5.8,1,1
105,5.75,5.7,1,1
105,6,5.8,1,1
105,6.25,5.8,1,1
105,6.5,6.1,1,1
105,6.75,6.2,1,1
105,7,5.9,1,1
105,7.25,6.1,1,1
105,7.5,6,1,1
105,7.75,10.7,1,0
105,8,23.7,1,1
105,8.25,23.4,1,1
105,8.5,21.5,1,1
105,8.75,21.8,1,1
105,9,27.4,1,0
105,9.25,25.2,1,1
105,9.5,22.6,1,1
105,9.75,23.4,1,1
105,10,22.9,1,1
105,10.25,21.9,1,1
105,10.5,22.2,1,1
105,10.75,22.6,1,1
105,11,22.6,1,1
105,11.25,22.4,1,1
105,11.5,23.1,1,1
105,11.75,22.3,1,1
105,12,23.2,1,1
105,12.25,23.4,1,1
105,12.5,23.4,1,1
105,12.75,21.9,1,1
105,13,23.4,1,1
105,13.25,22.4,1,1
105,13.5,22.6,1,1
105,13.75,22.7,1,1
105,14,22.9,1,1
105,14.25,22.5,1,1
105,14.5,23,1,1
105,14.75,22.3,1,1
105,15,23.1,1,1
105,15.25,23,1,1
105,15.5,24.5,1,1
105,15.75,23.5,1,1
105,16,23.3,1,1
105,16.25,22.9,1,1
105,16.5,25.5,1,1
105,16.75,26.1,1,1
105,17,25.6,1,1
105,17.25,25.4,1,1
105,17.5,26.3,1,1
105,17.75,25.4,1,1
105,18,25.8,1,1
105,18.25,25.5,1,1
105,18.5,24.9,1,1
105,18.75,25.3,1,1
105,19,25,1,1
105,19.25,24.6,1,1
105,19.5,24.5,1,1
105,19.75,24.2,1,1
105,20,15.6,1,1
105,20.25,5.6,1,1
105,20.5,6,1,1
105,20.75,6,1,1
105,21,5.5,1,1
105,21.25,5.4,1,1
105,21.5,5.7,1,1
105,21.75,5.8,1,1
105,22,5.8,1,1
105,22.25,5.7,1,1
105,22.5,5.9,1,1
105,22.75,5.8,1,1
105,23,5.6,1,1
105,23.25,5.5,1,1
105,23.5,5.6,1,1
105,23.75,6,1,1
105,0,22.5,0,0
105,0.25,22.4,0,0
105,0.5,23,0,0
105,0.75,23.2,0,0
105,1,23.1,0,0
105,1.25,22.9,0,0
105,1.5,22.8,0,0
105,1.75,22.8,0,0
105,2,23,0,0
105,2.25,23.3,0,0
105,2.5,23.7,0,0
105,2.75,23.3,0,0
105,3,23.3,0,0
105,3.25,22.9,0,0
105,3.5,23.3,0,0
105,3.75,23.3,0,0
105,4,23.4,0,0
105,4.25,23.6,0,0
105,4.5,23.5,0,0
105,4.75,23,0,0
105,5,22.9,0,0
105,5.25,22.9,0,0
105,5.5,22.7,0,0
105,5.75,22.6,0,0
105,6,22.4,0,0
105,6.25,22.3,0,0
105,6.5,22,0,0
105,6.75,22.1,0,0
105,7,22.4,0,0
105,7.25,22.3,0,0
105,7.5,22,0,0
105,7.75,21.7,0,0
105,8,21.5,0,1
105,8.25,21.3,0,0
105,8.5,20.9,0,0
105,8.75,19.1,0,0
105,9,18.9,0,0
105,9.25,18.9,0,0
105,9.5,19,0,0
105,9.75,18.9,0,0
105,10,18.9,0,0
105,10.25,18.9,0,0
105,10.5,18.9,0,0
105,10.75,18.9,0,0
105,11,19,0,0
105,11.25,18.8,0,0
105,11.5,18.5,0,0
105,11.75,18.5,0,0
105,12,18.9,0,0
105,12.25,18.8,0,0
105,12.5,18.5,0,0
105,12.75,18.5,0,0
105,13,18.5,0,0
105,13.25,18.6,0,0
105,13.5,18.7,0,0
105,13.75,18.5,0,0
105,14,18.7,0,0
105,14.25,18.6,0,0
105,14.5,18.6,0,0
105,14.75,18.5,0,0
105,15,18.7,0,0
105,15.25,19,0,0
105,15.5,19.5,0,0
105,15.75,20.2,0,0
105,16,21.9,0,0
105,16.25,21.9,0,0
105,16.5,21.9,0,0
105,16.75,21.8,0,0
105,17,21.9,0,0
105,17.25,22,0,0
105,17.5,21.8,0,0
105,17.75,21.9,0,0
105,18,21.9,0,0
105,18.25,21.7,0,0
105,18.5,21.8,0,0
105,18.75,21.7,0,0
105,19,22.2,0,0
105,19.25,22.9,0,0
105,19.5,22.8,0,0
105,19.75,22.8,0,0
105,20,23.1,0,0
105,20.25,22.9,0,0
105,20.5,23.3,0,0
105,20.75,23.3,0,0
105,21,23.3,0,0
105,21.25,23.1,0,0
105,21.5,22.9,0,0
105,21.75,22.9,0,0
105,22,23.1,0,0
105,22.25,22.6,0,0
105,22.5,23.5,0,0
105,22.75,23.1,0,0
105,23,22.9,0,0
105,23.25,22.6,0,0
105,23.5,22.7,0,0
105,23.75,22.9,0,0
105,0,5.7,0,1
105,0.25,5.8,0,1
105,0.5,5.7,0,1
105,0.75,5.7,0,1
105,1,5.7,0,1
105,1.25,6,0,1
105,1.5,6,0,1
105,1.75,5.8,0,1
105,2,5.7,0,1
105,2.25,5.7,0,1
105,2.5,5.7,0,1
105,2.75,5.7,0,1
105,3,5.7,0,1
105,3.25,5.6,0,1
105,3.5,5.6,0,1
105,3.75,5.7,0,1
105,4,5.7,0,1
105,4.25,5.8,0,1
105,4.5,5.7,0,1
105,4.75,5.7,0,1
105,5,5.6,0,1
105,5.25,5.7,0,1
105,5.5,5.8,0,1
105,5.75,5.7,0,1
105,6,5.7,0,1
105,6.25,6.1,0,1
105,6.5,6.1,0,1
105,6.75,6.1,0,1
105,7,6.1,0,1
105,7.25,6.1,0,1
105,7.5,6.1,0,1
105,7.75,5.6,0,1
105,8,5.5,0,1
105,8.25,5.3,0,1
105,8.5,2.8,0,1
105,8.75,1.9,0,1
105,9,1.9,0,1
105,9.25,1.9,0,1
105,9.5,2.1,0,1
105,9.75,2.2,0,1
105,10,2.2,0,1
105,10.25,2,0,1
105,10.5,1.9,0,1
105,10.75,2,0,1
105,11,2,0,1
105,11.25,2,0,1
105,11.5,1.9,0,1
105,11.75,1.9,0,1
105,12,1.9,0,1
105,12.25,2,0,1
105,12.5,2,0,1
105,12.75,2,0,1
105,13,2,0,1
105,13.25,2,0,1
105,13.5,2,0,1
105,13.75,1.9,0,1
105,14,2,0,1
105,14.25,1.9,0,1
105,14.5,1.9,0,1
105,14.75,2,0,1
105,15,2.2,0,1
105,15.25,2.6,0,1
105,15.5,2.5,0,1
105,15.75,2.5,0,1
105,16,2.5,0,1
105,16.25,2.4,0,1
105,16.5,4.8,0,1
105,16.75,5.6,0,1
105,17,5.5,0,1
105,17.25,5.6,0,1
105,17.5,5.5,0,1
105,17.75,5.7,0,1
105,18,5.6,0,1
105,18.25,5.7,0,1
105,18.5,5.9,0,1
105,18.75,6,0,1
105,19,5.7,0,1
105,19.25,5.6,0,1
105,19.5,5.7,0,1
105,19.75,5.6,0,1
105,20,5.6,0,1
105,20.25,5.7,0,1
105,20.5,5.7,0,1
105,20.75,5.7,0,1
105,21,5.7,0,1
105,21.25,5.7,0,1
105,21.5,5.7,0,1
105,21.75,5.6,0,1
105,22,5.6,0,1
105,22.25,5.6,0,1
105,22.5,5.5,0,1
105,22.75,5.6,0,1
105,23,6,0,1
105,23.25,6.1,0,1
105,23.5,6,0,1
105,23.75,5.7,0,1
105,0,6.1,0,1
105,0.25,6.3,0,1
105,0.5,6.2,0,1
105,0.75,6.1,0,1
105,1,5.9,0,1
105,1.25,5.8,0,1
105,1.5,5.7,0,1
105,1.75,5.9,0,1
105,2,6.1,0,1
105,2.25,5.8,0,1
105,2.5,5.8,0,1
105,2.75,5.6,0,1
105,3,5.6,0,1
105,3.25,5.8,0,1
105,3.5,5.9,0,1
105,3.75,5.9,0,1
105,4,5.5,0,1
105,4.25,5.4,0,1
105,4.5,5.6,0,1
105,4.75,5.8,0,1
105,5,5.7,0,1
105,5.25,5.7,0,1
105,5.5,5.4,0,1
105,5.75,5.4,0,1
105,6,5.7,0,1
105,6.25,5.9,0,1
105,6.5,5.7,0,1
105,6.75,5.6,0,1
105,7,5.4,0,1
105,7.25,5.4,0,1
105,7.5,5.4,0,1
105,7.75,5.7,0,1
105,8,5.1,0,1
105,8.25,5,0,1
105,8.5,2.8,0,1
105,8.75,2,0,1
105,9,1.9,0,1
105,9.25,2,0,1
105,9.5,1.9,0,1
105,9.75,2,0,1
105,10,2.2,0,1
105,10.25,2.8,0,1
105,10.5,2.3,0,1
105,10.75,2.1,0,1
105,11,1.9,0,1
105,11.25,1.9,0,1
105,11.5,2,0,1
105,11.75,2,0,1
105,12,2.2,0,1
105,12.25,2.2,0,1
105,12.5,2.2,0,1
105,12.75,2.1,0,1
105,13,2.1,0,1
105,13.25,2.1,0,1
105,13.5,2,0,1
105,13.75,2.3,0,1
105,14,2.3,0,1
105,14.25,2.4,0,1
105,14.5,2.4,0,1
105,14.75,2.3,0,1
105,15,2.8,0,1
105,15.25,2.5,0,1
105,15.5,2.4,0,1
105,15.75,2.6,0,1
105,16,2.8,0,1
105,16.25,2.8,0,1
105,16.5,4.6,0,1
105,16.75,5.6,0,1
105,17,5.3,0,1
105,17.25,5.2,0,1
105,17.5,5.5,0,1
105,17.75,5.6,0,1
105,18,5.6,0,1
105,18.25,5.7,0,1
105,18.5,5.4,0,1
105,18.75,5.2,0,1
105,19,5.7,0,1
105,19.25,5.6,0,1
105,19.5,5.8,0,1
105,19.75,5.7,0,1
105,20,5.5,0,1
105,20.25,5.3,0,1
105,20.5,5.3,0,1
105,20.75,5.7,0,1
105,21,5.9,0,1
105,21.25,5.8,0,1
105,21.5,5.8,0,1
105,21.75,5.5,0,1
105,22,5.3,0,1
105,22.25,5.2,0,1
105,22.5,5.6,0,1
105,22.75,5.7,0,1
105,23,5.6,0,1
105,23.25,5.5,0,1
105,23.5,5.3,0,1
105,23.75,5.2,0,1
105,0,5.9,0,1
105,0.25,5.8,0,1
105,0.5,5.8,0,1
105,0.75,5.8,0,1
105,1,5.8,0,1
105,1.25,5.9,0,1
105,1.5,5.9,0,1
105,1.75,5.9,0,1
105,2,5.9,0,1
105,2.25,5.8,0,1
105,2.5,5.9,0,1
105,2.75,5.8,0,1
105,3,5.9,0,1
105,3.25,5.8,0,1
105,3.5,5.9,0,1
105,3.75,5.8,0,1
105,4,5.9,0,1
105,4.25,5.9,0,1
105,4.5,5.9,0,1
105,4.75,5.9,0,1
105,5,5.9,0,1
105,5.25,5.9,0,1
105,5.5,5.9,0,1
105,5.75,5.9,0,1
105,6,5.9,0,1
105,6.25,5.8,0,1
105,6.5,5.8,0,1
105,6.75,5.9,0,1
105,7,5.8,0,1
105,7.25,6,0,1
105,7.5,6.3,0,1
105,7.75,5.9,0,1
105,8,5.7,0,1
105,8.25,5.4,0,1
105,8.5,3.4,0,1
105,8.75,2.5,0,1
105,9,2.5,0,1
105,9.25,2.5,0,1
105,9.5,2.5,0,1
105,9.75,2.5,0,1
105,10,2.6,0,1
105,10.25,2.5,0,1
105,10.5,2.5,0,1
105,10.75,2.5,0,1
105,11,2.6,0,1
105,11.25,2.5,0,1
105,11.5,2.5,0,1
105,11.75,2.5,0,1
105,12,2.5,0,1
105,12.25,2.5,0,1
105,12.5,2.5,0,1
105,12.75,2.2,0,1
105,13,2.1,0,1
105,13.25,2.3,0,1
105,13.5,2.6,0,1
105,13.75,2.6,0,1
105,14,2.6,0,1
105,14.25,2.5,0,1
105,14.5,2.4,0,1
105,14.75,2.4,0,1
105,15,3,0,1
105,15.25,3.2,0,1
105,15.5,3.1,0,1
105,15.75,3.1,0,1
105,16,3.1,0,1
105,16.25,3.5,0,1
105,16.5,5,0,1
105,16.75,5.9,0,1
105,17,5.8,0,1
105,17.25,5.8,0,1
105,17.5,5.8,0,1
105,17.75,5.8,0,1
105,18,5.9,0,1
105,18.25,5.8,0,1
105,18.5,5.9,0,1
105,18.75,6,0,1
105,19,5.8,0,1
105,19.25,5.9,0,1
105,19.5,5.8,0,1
105,19.75,5.9,0,1
105,20,5.8,0,1
105,20.25,5.8,0,1
105,20.5,5.9,0,1
105,20.75,6,0,1
105,21,5.8,0,1
105,21.25,5.9,0,1
105,21.5,5.9,0,1
105,21.75,5.8,0,1
105,22,5.9,0,1
105,22.25,5.8,0,1
105,22.5,5.9,0,1
105,22.75,5.8,0,1
105,23,5.8,0,1
105,23.25,5.9,0,1
105,23.5,5.8,0,1
105,23.75,5.8,0,1
105,0,6.2,0,1
105,0.25,6.2,0,1
105,0.5,6.1,0,1
105,0.75,6.3,0,1
105,1,6.3,0,1
105,1.25,6,0,1
105,1.5,5.9,0,1
105,1.75,5.9,0,1
105,2,6,0,1
105,2.25,5.9,0,1
105,2.5,5.9,0,1
105,2.75,5.9,0,1
105,3,5.8,0,1
105,3.25,5.9,0,1
105,3.5,5.9,0,1
105,3.75,5.9,0,1
105,4,5.9,0,1
105,4.25,6,0,1
105,4.5,6.4,0,1
105,4.75,5.9,0,1
105,5,5.9,0,1
105,5.25,5.9,0,1
105,5.5,5.9,0,1
105,5.75,5.8,0,1
105,6,5.9,0,1
105,6.25,5.9,0,1
105,6.5,5.9,0,1
105,6.75,5.8,0,1
105,7,5.9,0,1
105,7.25,6,0,1
105,7.5,5.8,0,1
105,7.75,5.9,0,1
105,8,5.9,0,1
105,8.25,5.6,0,1
105,8.5,3.3,0,1
105,8.75,2.5,0,1
105,9,2.6,0,1
105,9.25,2.5,0,1
105,9.5,2.6,0,1
105,9.75,2.5,0,1
105,10,2.5,0,1
105,10.25,2.6,0,1
105,10.5,2.5,0,1
105,10.75,2.3,0,1
105,11,2,0,1
105,11.25,2.4,0,1
105,11.5,2.5,0,1
105,11.75,2.5,0,1
105,12,2.6,0,1
105,12.25,2.1,0,1
105,12.5,2.1,0,1
105,12.75,2.5,0,1
105,13,2.9,0,1
105,13.25,2.8,0,1
105,13.5,2.5,0,1
105,13.75,2.5,0,1
105,14,2.5,0,1
105,14.25,2.6,0,1
105,14.5,2.6,0,1
105,14.75,3.1,0,1
105,15,3,0,1
105,15.25,3.1,0,1
105,15.5,3.2,0,1
105,15.75,3,0,1
105,16,3.1,0,1
105,16.25,2.7,0,1
105,16.5,4.4,0,1
105,16.75,5.8,0,1
105,17,5.7,0,1
105,17.25,5.8,0,1
105,17.5,5.8,0,1
105,17.75,5.7,0,1
105,18,5.8,0,1
105,18.25,5.9,0,1
105,18.5,5.7,0,1
105,18.75,5.8,0,1
105,19,5.8,0,1
105,19.25,5.6,0,1
105,19.5,5.8,0,1
105,19.75,5.7,0,1
105,20,5.8,0,1
105,20.25,5.9,0,1
105,20.5,5.9,0,1
105,20.75,6,0,1
105,21,5.9,0,1
105,21.25,5.9,0,1
105,21.5,5.9,0,1
105,21.75,6,0,1
105,22,6.1,0,1
105,22.25,5.8,0,1
105,22.5,5.9,0,1
105,22.75,5.8,0,1
105,23,5.9,0,1
105,23.25,5.8,0,1
105,23.5,5.8,0,1
105,23.75,6,0,1
110,0,1.2,1,1
110,0.25,1.5,1,1
110,0.5,1.4,1,1
110,0.75,1.4,1,1
110,1,1.3,1,1
110,1.25,1.5,1,1
110,1.5,1.4,1,1
110,1.75,1.3,1,1
110,2,1.4,1,1
110,2.25,1.4,1,1
110,2.5,1.5,1,1
110,2.75,1.4,1,1
110,3,1.4,1,1
110,3.25,1.4,1,1
110,3.5,1.5,1,1
110,3.75,1.4,1,1
110,4,1.4,1,1
110,4.25,1.5,1,1
110,4.5,1.4,1,1
110,4.75,1.4,1,1
110,5,1.3,1,1
110,5.25,1.4,1,1
110,5.5,1.6,1,1
110,5.75,1.6,1,1
110,6,1.3,1,1
110,6.25,1.3,1,1
110,6.5,1.8,1,1
110,6.75,2.2,1,1
110,7,2.3,1,1
110,7.25,3.5,1,1
110,7.5,6.5,1,1
110,7.75,6.9,1,1
110,8,15,1,1
110,8.25,15.5,1,1
110,8.5,15.1,1,1
110,8.75,14.5,1,1
110,9,14.8,1,1
110,9.25,15.1,1,1
110,9.5,16.2,1,1
110,9.75,15.2,1,1
110,10,15,1,1
110,10.25,15,1,1
110,10.5,15.2,1,1
110,10.75,15,1,1
110,11,14.8,1,1
110,11.25,15.2,1,1
110,11.5,14.7,1,1
110,11.75,14.9,1,1
110,12,15.7,1,1
110,12.25,15.5,1,1
110,12.5,15.5,1,1
110,12.75,15.4,1,1
110,13,14.7,1,1
110,13.25,15.3,1,1
110,13.5,14.7,1,1
110,13.75,15.2,1,1
110,14,15.2,1,1
110,14.25,15.1,1,1
110,14.5,14.4,1,1
110,14.75,15,1,1
110,15,15.1,1,1
110,15.25,14.8,1,1
110,15.5,15,1,1
110,15.75,15.2,1,1
110,16,16.8,1,1
110,16.25,21.8,1,1
110,16.5,22.1,1,1
110,16.75,21.7,1,1
110,17,21.3,1,1
110,17.25,21.6,1,1
110,17.5,21.2,1,1
110,17.75,21.1,1,1
110,18,21.9,1,1
110,18.25,21.6,1,1
110,18.5,21.7,1,1
110,18.75,21.8,1,1
110,19,21.7,1,1
110,19.25,21.6,1,1
110,19.5,21.7,1,1
110,19.75,21.4,1,1
110,20,8.1,1,1
110,20.25,5.9,1,1
110,20.5,5.7,1,1
110,20.75,5.9,1,1
110,21,1.5,1,1
110,21.25,1.5,1,1
110,21.5,1.5,1,1
110,21.75,1.5,1,1
110,22,1.5,1,1
110,22.25,1.4,1,1
110,22.5,1.5,1,1
110,22.75,1.4,1,1
110,23,1.4,1,1
110,23.25,1.4,1,1
110,23.5,1.6,1,1
110,23.75,1.4,1,1
110,0,1.5,1,1
110,0.25,1.4,1,1
110,0.5,1.5,1,1
110,0.75,1.4,1,1
110,1,1.4,1,1
110,1.25,1.6,1,1
110,1.5,1.5,1,1
110,1.75,1.3,1,1
110,2,1.4,1,1
110,2.25,1.4,1,1
110,2.5,1.6,1,1
110,2.75,1.3,1,1
110,3,1.4,1,1
110,3.25,1.4,1,1
110,3.5,1.6,1,1
110,3.75,1.3,1,1
110,4,1.5,1,1
110,4.25,1.4,1,1
110,4.5,1.6,1,1
110,4.75,1.4,1,1
110,5,1.4,1,1
110,5.25,1.5,1,1
110,5.5,1.5,1,1
110,5.75,1.6,1,1
110,6,1.4,1,1
110,6.25,1.5,1,1
110,6.5,1.8,1,1
110,6.75,2.2,1,1
110,7,2.4,1,1
110,7.25,3.1,1,1
110,7.5,6.6,1,1
110,7.75,6.4,1,1
110,8,15.7,1,1
110,8.25,16,1,1
110,8.5,14.5,1,1
110,8.75,14.3,1,1
110,9,14.4,1,1
110,9.25,14.5,1,1
110,9.5,14.3,1,1
110,9.75,14.1,1,1
110,10,15.1,1,1
110,10.25,16.7,1,1
110,10.5,14.6,1,1
110,10.75,14.7,1,1
110,11,14.6,1,1
110,11.25,15.1,1,1
110,11.5,14.9,1,1
110,11.75,15.4,1,1
110,12,15.8,1,1
110,12.25,14.9,1,1
110,12.5,14.8,1,1
110,12.75,15,1,1
110,13,15.4,1,1
110,13.25,15,1,1
110,13.5,14.7,1,1
110,13.75,14.7,1,1
110,14,14.9,1,1
110,14.25,14.7,1,1
110,14.5,15,1,1
110,14.75,14.6,1,1
110,15,15.2,1,1
110,15.25,14.6,1,1
110,15.5,14.7,1,1
110,15.75,15.5,1,1
110,16,18.3,1,1
110,16.25,21.5,1,1
110,16.5,21.9,1,1
110,16.75,21.4,1,1
110,17,21.1,1,1
110,17.25,21.3,1,1
110,17.5,21.5,1,1
110,17.75,21.5,1,1
110,18,21.8,1,1
110,18.25,21.9,1,1
110,18.5,21.8,1,1
110,18.75,21.7,1,1
110,19,21.6,1,1
110,19.25,21.7,1,1
110,19.5,21.7,1,1
110,19.75,21.3,1,1
110,20,9.1,1,1
110,20.25,5.8,1,1
110,20.5,5.9,1,1
110,20.75,5.8,1,1
110,21,1.7,1,1
110,21.25,1.7,1,1
110,21.5,1.7,1,1
110,21.75,1.7,1,1
110,22,1.8,1,1
110,22.25,1.6,1,1
110,22.5,1.8,1,1
110,22.75,1.7,1,1
110,23,1.7,1,1
110,23.25,1.8,1,1
110,23.5,1.6,1,1
110,23.75,1.5,1,1
110,0,1.7,1,1
110,0.25,1.7,1,1
110,0.5,1.6,1,1
110,0.75,1.4,1,1
110,1,1.5,1,1
110,1.25,1.8,1,1
110,1.5,1.6,1,1
110,1.75,1.5,1,1
110,2,1.5,1,1
110,2.25,1.5,1,1
110,2.5,1.5,1,1
110,2.75,1.3,1,1
110,3,1.3,1,1
110,3.25,1.4,1,1
110,3.5,1.5,1,1
110,3.75,1.4,1,1
110,4,1.3,1,1
110,4.25,1.4,1,1
110,4.5,1.5,1,1
110,4.75,1.5,1,1
110,5,1.3,1,1
110,5.25,1.3,1,1
110,5.5,1.4,1,1
110,5.75,1.7,1,1
110,6,1.4,1,1
110,6.25,1.3,1,1
110,6.5,1.3,1,1
110,6.75,2.2,1,1
110,7,2.6,1,1
110,7.25,2.9,1,1
110,7.5,7.4,1,1
110,7.75,9.1,1,1
110,8,16,1,1
110,8.25,16.4,1,1
110,8.5,15.3,1,1
110,8.75,15.7,1,1
110,9,15,1,1
110,9.25,15.6,1,1
110,9.5,15.5,1,1
110,9.75,15,1,1
110,10,14.8,1,1
110,10.25,14.6,1,1
110,10.5,14.4,1,1
110,10.75,14.7,1,1
110,11,14.7,1,1
110,11.25,15.8,1,1
110,11.5,15,1,1
110,11.75,15.1,1,1
110,12,14.9,1,1
110,12.25,15.3,1,1
110,12.5,14.9,1,1
110,12.75,15.1,1,1
110,13,14.7,1,1
110,13.25,14.6,1,1
110,13.5,15,1,1
110,13.75,14.6,1,1
110,14,15,1,1
110,14.25,15,1,1
110,14.5,14.9,1,1
110,14.75,15,1,1
110,15,15.1,1,1
110,15.25,15.3,1,1
110,15.5,16,1,1
110,15.75,18.6,1,1
110,16,20.4,1,1
110,16.25,21.8,1,1
110,16.5,21.7,1,1
110,16.75,22.5,1,1
110,17,22.8,1,1
110,17.25,21.8,1,1
110,17.5,21.5,1,1
110,17.75,21.5,1,1
110,18,21.4,1,1
110,18.25,21.4,1,1
110,18.5,21.4,1,1
110,18.75,21.2,1,1
110,19,21.3,1,1
110,19.25,21.4,1,1
110,19.5,21.5,1,1
110,19.75,20.6,1,1
110,20,7.1,1,1
110,20.25,5.4,1,1
110,20.5,5.5,1,1
110,20.75,5.6,1,1
110,21,1.5,1,1
110,21.25,1.4,1,1
110,21.5,1.4,1,1
110,21.75,1.4,1,1
110,22,1.4,1,1
110,22.25,1.5,1,1
110,22.5,1.4,1,1
110,22.75,1.4,1,1
110,23,1.4,1,1
110,23.25,1.4,1,1
110,23.5,1.5,1,1
110,23.75,1.4,1,1
110,0,1.5,1,1
110,0.25,1.3,1,1
110,0.5,1.4,1,1
110,0.75,1.5,1,1
110,1,1.6,1,1
110,1.25,1.3,1,1
110,1.5,1.4,1,1
110,1.75,1.5,1,1
110,2,1.4,1,1
110,2.25,1.6,1,1
110,2.5,1.4,1,1
110,2.75,1.4,1,1
110,3,1.3,1,1
110,3.25,1.3,1,1
110,3.5,1.6,1,1
110,3.75,1.5,1,1
110,4,1.4,1,1
110,4.25,1.4,1,1
110,4.5,1.4,1,1
110,4.75,1.4,1,1
110,5,1.5,1,1
110,5.25,1.4,1,1
110,5.5,1.4,1,1
110,5.75,1.6,1,1
110,6,1.4,1,1
110,6.25,1.5,1,1
110,6.5,1.4,1,1
110,6.75,1.8,1,1
110,7,2.2,1,1
110,7.25,3.2,1,1
110,7.5,6.5,1,1
110,7.75,7.5,1,1
110,8,15.9,1,1
110,8.25,16.2,1,1
110,8.5,16.3,1,1
110,8.75,16.1,1,1
110,9,16.2,1,1
110,9.25,14.6,1,1
110,9.5,14.5,1,1
110,9.75,15.5,1,1
110,10,14.9,1,1
110,10.25,14.9,1,1
110,10.5,15.2,1,1
110,10.75,15.6,1,1
110,11,15.9,1,1
110,11.25,16.5,1,1
110,11.5,15.7,1,1
110,11.75,16.7,1,1
110,12,16.3,1,1
110,12.25,15.7,1,1
110,12.5,15.3,1,1
110,12.75,14.7,1,1
110,13,14.8,1,1
110,13.25,15.3,1,1
110,13.5,14.4,1,1
110,13.75,14.9,1,1
110,14,15.2,1,1
110,14.25,15.2,1,1
110,14.5,15.8,1,1
110,14.75,15.3,1,1
110,15,15.3,1,1
110,15.25,15.2,1,1
110,15.5,15.4,1,1
110,15.75,16.3,1,1
110,16,19.9,1,1
110,16.25,21.9,1,1
110,16.5,21.3,1,1
110,16.75,21.3,1,1
110,17,21.5,1,1
110,17.25,21.6,1,1
110,17.5,21,1,1
110,17.75,21.1,1,1
110,18,21.3,1,1
110,18.25,21.6,1,1
110,18.5,21.6,1,1
110,18.75,21.3,1,1
110,19,21.2,1,1
110,19.25,21.5,1,1
110,19.5,21.5,1,1
110,19.75,20.9,1,1
110,20,8,1,1
110,20.25,5.5,1,1
110,20.5,5.5,1,1
110,20.75,5.7,1,1
110,21,1.5,1,1
110,21.25,1.2,1,1
110,21.5,1.3,1,1
110,21.75,1.4,1,1
110,22,1.5,1,1
110,22.25,1.3,1,1
110,22.5,1.4,1,1
110,22.75,1.4,1,1
110,23,1.3,1,1
110,23.25,1.4,1,1
110,23.5,1.3,1,1
110,23.75,1.4,1,1
110,0,1.4,1,1
110,0.25,1.3,1,1
110,0.5,1.5,1,1
110,0.75,1.3,1,1
110,1,1.4,1,1
110,1.25,1.6,1,1
110,1.5,1.4,1,1
110,1.75,1.4,1,1
110,2,1.4,1,1
110,2.25,1.4,1,1
110,2.5,1.5,1,1
110,2.75,1.4,1,1
110,3,1.3,1,1
110,3.25,1.4,1,1
110,3.5,1.4,1,1
110,3.75,1.5,1,1
110,4,1.4,1,1
110,4.25,1.4,1,1
110,4.5,1.4,1,1
110,4.75,1.4,1,1
110,5,1.4,1,1
110,5.25,1.6,1,1
110,5.5,1.4,1,1
110,5.75,1.6,1,1
110,6,1.2,1,1
110,6.25,1.5,1,1
110,6.5,1.5,1,1
110,6.75,2,1,1
110,7,2.3,1,1
110,7.25,3.7,1,1
110,7.5,6.7,1,1
110,7.75,8.3,1,1
110,8,19.5,1,1
110,8.25,16.4,1,1
110,8.5,16.4,1,1
110,8.75,15.4,1,1
110,9,15.6,1,1
110,9.25,15.4,1,1
110,9.5,16.8,1,1
110,9.75,15.8,1,1
110,10,14.6,1,1
110,10.25,14.8,1,1
110,10.5,14.6,1,1
110,10.75,14.8,1,1
110,11,15,1,1
110,11.25,14.9,1,1
110,11.5,15.1,1,1
110,11.75,14.5,1,1
110,12,15.2,1,1
110,12.25,16.1,1,1
110,12.5,16.5,1,1
110,12.75,15.9,1,1
110,13,14.8,1,1
110,13.25,15.4,1,1
110,13.5,15.2,1,1
110,13.75,14.9,1,1
110,14,15.2,1,1
110,14.25,16,1,1
110,14.5,16.6,1,1
110,14.75,16.9,1,1
110,15,16.1,1,1
110,15.25,17,1,1
110,15.5,18.1,1,1
110,15.75,21.7,1,1
110,16,22.1,1,1
110,16.25,21.8,1,1
110,16.5,21.9,1,1
110,16.75,21.9,1,1
110,17,21.5,1,1
110,17.25,21.8,1,1
110,17.5,21.4,1,1
110,17.75,21.6,1,1
110,18,21.6,1,1
110,18.25,21.5,1,1
110,18.5,21.5,1,1
110,18.75,21.5,1,1
110,19,21.6,1,1
110,19.25,21.5,1,1
110,19.5,21.5,1,1
110,19.75,21.1,1,1
110,20,8.3,1,1
110,20.25,5.6,1,1
110,20.5,5.5,1,1
110,20.75,5.6,1,1
110,21,1.4,1,1
110,21.25,1.4,1,1
110,21.5,1.4,1,1
110,21.75,1.2,1,1
110,22,1.1,1,1
110,22.25,1.3,1,1
110,22.5,1.1,1,1
110,22.75,1.2,1,1
110,23,1.3,1,1
110,23.25,1.6,1,1
110,23.5,1.4,1,1
110,23.75,1.4,1,1
110,0,1.3,1,1
110,0.25,1.4,1,1
110,0.5,1.4,1,1
110,0.75,1.4,1,1
110,1,1.2,1,1
110,1.25,1.6,1,1
110,1.5,1.3,1,1
110,1.75,1.2,1,1
110,2,1.2,1,1
110,2.25,1.3,1,1
110,2.5,1.3,1,1
110,2.75,1.4,1,1
110,3,1.4,1,1
110,3.25,1.4,1,1
110,3.5,1.3,1,1
110,3.75,1.6,1,1
110,4,1.5,1,1
110,4.25,1.4,1,1
110,4.5,1.3,1,1
110,4.75,1.4,1,1
110,5,1.3,1,1
110,5.25,1.4,1,1
110,5.5,1.3,1,1
110,5.75,1.6,1,1
110,6,1.3,1,1
110,6.25,1.4,1,1
110,6.5,1.2,1,1
110,6.75,1.8,1,1
110,7,2.2,1,1
110,7.25,2.4,1,1
110,7.5,6.6,1,1
110,7.75,9.9,1,1
110,8,20.7,1,1
110,8.25,21,1,1
110,8.5,21,1,1
110,8.75,19.5,1,1
110,9,19.1,1,1
110,9.25,17,1,1
110,9.5,16,1,1
110,9.75,15.3,1,1
110,10,14.7,1,1
110,10.25,14.6,1,1
110,10.5,14.4,1,1
110,10.75,14.3,1,1
110,11,14.9,1,1
110,11.25,14.6,1,1
110,11.5,14.4,1,1
110,11.75,14.9,1,1
110,12,14.8,1,1
110,12.25,14.4,1,1
110,12.5,14.6,1,1
110,12.75,14.6,1,1
110,13,14.3,1,1
110,13.25,14.5,1,1
110,13.5,14.6,1,1
110,13.75,15,1,1
110,14,15.4,1,1
110,14.25,15.2,1,1
110,14.5,14.3,1,1
110,14.75,15.9,1,1
110,15,21.7,1,1
110,15.25,22,1,1
110,15.5,21.6,1,1
110,15.75,21.3,1,1
110,16,21.3,1,1
110,16.25,21.2,1,1
110,16.5,21.3,1,1
110,16.75,21.8,1,1
110,17,22,1,1
110,17.25,22.1,1,1
110,17.5,22,1,1
110,17.75,20.9,1,1
110,18,16.2,1,1
110,18.25,1.5,1,0
110,18.5,1.6,1,0
110,18.75,1.5,1,0
110,19,1.5,1,0
110,19.25,1.6,1,0
110,19.5,1.5,1,0
110,19.75,1.6,1,0
110,20,6.3,1,1
110,20.25,6.5,1,1
110,20.5,6.2,1,1
110,20.75,5.7,1,1
110,21,1.5,1,1
110,21.25,1.5,1,1
110,21.5,1.4,1,1
110,21.75,1.6,1,1
110,22,1.5,1,1
110,22.25,1.5,1,1
110,22.5,1.5,1,1
110,22.75,1.5,1,1
110,23,1.5,1,1
110,23.25,1.6,1,1
110,23.5,1.5,1,1
110,23.75,1.5,1,1
110,0,1.4,1,1
110,0.25,1.6,1,1
110,0.5,1.7,1,1
110,0.75,1.3,1,1
110,1,1.4,1,1
110,1.25,1.4,1,1
110,1.5,1.5,1,1
110,1.75,1.4,1,1
110,2,1.5,1,1
110,2.25,1.5,1,1
110,2.5,1.5,1,1
110,2.75,1.5,1,1
110,3,1.6,1,1
110,3.25,1.6,1,1
110,3.5,1.3,1,1
110,3.75,1.4,1,1
110,4,1.3,1,1
110,4.25,1.5,1,1
110,4.5,1.5,1,1
110,4.75,1.5,1,1
110,5,1.7,1,1
110,5.25,1.5,1,1
110,5.5,1.4,1,1
110,5.75,1.5,1,1
110,6,1.3,1,1
110,6.25,1.4,1,1
110,6.5,1.5,1,1
110,6.75,2,1,1
110,7,2.3,1,1
110,7.25,3.8,1,1
110,7.5,7.2,1,1
110,7.75,8.3,1,1
110,8,21.1,1,1
110,8.25,21.4,1,1
110,8.5,18,1,1
110,8.75,14.8,1,1
110,9,15.2,1,1
110,9.25,14.8,1,1
110,9.5,15.7,1,1
110,9.75,15.2,1,1
110,10,15.7,1,1
110,10.25,14.3,1,1
110,10.5,14.6,1,1
110,10.75,14.3,1,1
110,11,14.5,1,1
110,11.25,15.8,1,1
110,11.5,16.1,1,1
110,11.75,14.9,1,1
110,12,15.5,1,1
110,12.25,15.6,1,1
110,12.5,14.9,1,1
110,12.75,15.1,1,1
110,13,16,1,1
110,13.25,15.3,1,1
110,13.5,16.1,1,1
110,13.75,16.4,1,1
110,14,17.3,1,1
110,14.25,18,1,1
110,14.5,19.3,1,1
110,14.75,21.9,1,1
110,15,22.7,1,1
110,15.25,22.1,1,1
110,15.5,22.2,1,1
110,15.75,22.1,1,1
110,16,22,1,1
110,16.25,21.9,1,1
110,16.5,21.7,1,1
110,16.75,22.1,1,1
110,17,21.7,1,1
110,17.25,22.5,1,1
110,17.5,21.9,1,1
110,17.75,22,1,1
110,18,21.8,1,1
110,18.25,21.8,1,1
110,18.5,21.7,1,1
110,18.75,22.3,1,1
110,19,22,1,1
110,19.25,22.5,1,1
110,19.5,22.1,1,1
110,19.75,21.2,1,1
110,20,7.8,1,1
110,20.25,6.3,1,1
110,20.5,6.4,1,1
110,20.75,6.4,1,1
110,21,1.5,1,1
110,21.25,1.5,1,1
110,21.5,1.6,1,1
110,21.75,1.5,1,1
110,22,1.2,1,1
110,22.25,1.3,1,1
110,22.5,1.4,1,1
110,22.75,1.4,1,1
110,23,1.2,1,1
110,23.25,1.4,1,1
110,23.5,1.4,1,1
110,23.75,1.2,1,1
110,0,1.3,1,1
110,0.25,1.2,1,1
110,0.5,1.4,1,1
110,0.75,1.4,1,1
110,1,1.3,1,1
110,1.25,1.4,1,1
110,1.5,1.4,1,1
110,1.75,1.1,1,1
110,2,1.2,1,1
110,2.25,1.2,1,1
110,2.5,1.4,1,1
110,2.75,1.3,1,1
110,3,1.3,1,1
110,3.25,1.4,1,1
110,3.5,1.1,1,1
110,3.75,1.1,1,1
110,4,1.4,1,1
110,4.25,1.4,1,1
110,4.5,1.2,1,1
110,4.75,1.4,1,1
110,5,1.3,1,1
110,5.25,1.2,1,1
110,5.5,1.2,1,1
110,5.75,1.6,1,1
110,6,1.1,1,1
110,6.25,1.4,1,1
110,6.5,1.3,1,1
110,6.75,1.7,1,1
110,7,2,1,1
110,7.25,3,1,1
110,7.5,7.5,1,1
110,7.75,7.8,1,1
110,8,22,1,1
110,8.25,22.5,1,1
110,8.5,23.2,1,1
110,8.75,22.8,1,1
110,9,21.2,1,1
110,9.25,19.2,1,1
110,9.5,20.9,1,1
110,9.75,20.5,1,1
110,10,19.1,1,1
110,10.25,16.8,1,1
110,10.5,16.5,1,1
110,10.75,16.8,1,1
110,11,16.5,1,1
110,11.25,16.2,1,1
110,11.5,18.5,1,1
110,11.75,20,1,1
110,12,17.5,1,1
110,12.25,17.5,1,1
110,12.5,17.7,1,1
110,12.75,16.7,1,1
110,13,17,1,1
110,13.25,17.8,1,1
110,13.5,17.5,1,1
110,13.75,19.3,1,1
110,14,20.2,1,1
110,14.25,20.8,1,1
110,14.5,21.1,1,1
110,14.75,20.4,1,1
110,15,19.9,1,1
110,15.25,21.6,1,1
110,15.5,22.2,1,1
110,15.75,21.9,1,1
110,16,21.6,1,1
110,16.25,21.9,1,1
110,16.5,22.3,1,1
110,16.75,21.7,1,1
110,17,22.2,1,1
110,17.25,22.8,1,1
110,17.5,23.1,1,1
110,17.75,22.7,1,1
110,18,22.4,1,1
110,18.25,22.5,1,1
110,18.5,22.2,1,1
110,18.75,22.3,1,1
110,19,22.4,1,1
110,19.25,22.3,1,1
110,19.5,22.1,1,1
110,19.75,22,1,1
110,20,8.4,1,1
110,20.25,6.2,1,1
110,20.5,6.2,1,1
110,20.75,6.3,1,1
110,21,1.3,1,1
110,21.25,1.2,1,1
110,21.5,1.3,1,1
110,21.75,1.1,1,1
110,22,1.3,1,1
110,22.25,1.2,1,1
110,22.5,1.2,1,1
110,22.75,1.3,1,1
110,23,1.3,1,1
110,23.25,1.2,1,1
110,23.5,1.4,1,1
110,23.75,1.3,1,1
110,0,1.3,1,1
110,0.25,1.3,1,1
110,0.5,1.3,1,1
110,0.75,1.4,1,1
110,1,1.2,1,1
110,1.25,1.2,1,1
110,1.5,1.3,1,1
110,1.75,1.3,1,1
110,2,1.2,1,1
110,2.25,1.3,1,1
110,2.5,1.2,1,1
110,2.75,1.2,1,1
110,3,1.3,1,1
110,3.25,1.4,1,1
110,3.5,1.4,1,1
110,3.75,1.3,1,1
110,4,1.4,1,1
110,4.25,1.4,1,1
110,4.5,1.2,1,1
110,4.75,1.1,1,1
110,5,1.3,1,1
110,5.25,1.2,1,1
110,5.5,1.2,1,1
110,5.75,1.4,1,1
110,6,1.3,1,1
110,6.25,1.4,1,1
110,6.5,1.4,1,1
110,6.75,1.8,1,1
110,7,2.2,1,1
110,7.25,3.6,1,1
110,7.5,7.1,1,1
110,7.75,8.7,1,1
110,8,22.1,1,1
110,8.25,22.9,1,1
110,8.5,22,1,1
110,8.75,21.4,1,1
110,9,21.8,1,1
110,9.25,21.5,1,1
110,9.5,21.7,1,1
110,9.75,20.7,1,1
110,10,16.3,1,1
110,10.25,15.5,1,1
110,10.5,15.1,1,1
110,10.75,16.7,1,1
110,11,18,1,1
110,11.25,16.2,1,1
110,11.5,15.9,1,1
110,11.75,16.6,1,1
110,12,16.2,1,1
110,12.25,16,1,1
110,12.5,16.3,1,1
110,12.75,15.9,1,1
110,13,15.9,1,1
110,13.25,16.3,1,1
110,13.5,17.1,1,1
110,13.75,19.4,1,1
110,14,17.2,1,1
110,14.25,17.2,1,1
110,14.5,17.5,1,1
110,14.75,18.2,1,1
110,15,18.7,1,1
110,15.25,20.5,1,1
110,15.5,21.2,1,1
110,15.75,22.1,1,1
110,16,22.1,1,1
110,16.25,23,1,1
110,16.5,22.9,1,1
110,16.75,22.5,1,1
110,17,22.5,1,1
110,17.25,22.4,1,1
110,17.5,22.3,1,1
110,17.75,22.2,1,1
110,18,22.1,1,1
110,18.25,22.4,1,1
110,18.5,22,1,1
110,18.75,22.1,1,1
110,19,22,1,1
110,19.25,22,1,1
110,19.5,22,1,1
110,19.75,20.9,1,1
110,20,9.1,1,1
110,20.25,6.3,1,1
110,20.5,6.3,1,1
110,20.75,6.3,1,1
110,21,1.3,1,1
110,21.25,1.2,1,1
110,21.5,1.5,1,1
110,21.75,1.5,1,1
110,22,1.2,1,1
110,22.25,1.4,1,1
110,22.5,1.4,1,1
110,22.75,1.2,1,1
110,23,1.6,1,1
110,23.25,1.4,1,1
110,23.5,1.2,1,1
110,23.75,1.5,1,1
110,0,1.3,1,1
110,0.25,1.2,1,1
110,0.5,1.3,1,1
110,0.75,1.4,1,1
110,1,1.4,1,1
110,1.25,1.3,1,1
110,1.5,1.3,1,1
110,1.75,1.4,1,1
110,2,1.4,1,1
110,2.25,1.1,1,1
110,2.5,1.3,1,1
110,2.75,1.4,1,1
110,3,1.1,1,1
110,3.25,1.4,1,1
110,3.5,1.2,1,1
110,3.75,1.2,1,1
110,4,1.4,1,1
110,4.25,1.2,1,1
110,4.5,1.3,1,1
110,4.75,1.3,1,1
110,5,1.3,1,1
110,5.25,1.4,1,1
110,5.5,1.2,1,1
110,5.75,1.5,1,1
110,6,1.3,1,1
110,6.25,1.4,1,1
110,6.5,1.3,1,1
110,6.75,1.8,1,1
110,7,2.2,1,1
110,7.25,3,1,1
110,7.5,6.8,1,1
110,7.75,7.8,1,1
110,8,22,1,1
110,8.25,22.2,1,1
110,8.5,21.4,1,1
110,8.75,21.2,1,1
110,9,21.3,1,1
110,9.25,19.1,1,1
110,9.5,15.7,1,1
110,9.75,15.7,1,1
110,10,16.9,1,1
110,10.25,15.4,1,1
110,10.5,15.8,1,1
110,10.75,15,1,1
110,11,15.4,1,1
110,11.25,15.3,1,1
110,11.5,15.3,1,1
110,11.75,15.5,1,1
110,12,15.9,1,1
110,12.25,15,1,1
110,12.5,15.3,1,1
110,12.75,16.2,1,1
110,13,15.6,1,1
110,13.25,15.5,1,1
110,13.5,14.7,1,1
110,13.75,15.4,1,1
110,14,16,1,1
110,14.25,15.4,1,1
110,14.5,15.3,1,1
110,14.75,16.1,1,1
110,15,16.1,1,1
110,15.25,16.4,1,1
110,15.5,18,1,1
110,15.75,21.7,1,1
110,16,22.7,1,1
110,16.25,22.5,1,1
110,16.5,22.6,1,1
110,16.75,22.3,1,1
110,17,22.1,1,1
110,17.25,22.1,1,1
110,17.5,22.5,1,1
110,17.75,22.5,1,1
110,18,22.2,1,1
110,18.25,22.2,1,1
110,18.5,22.2,1,1
110,18.75,22.1,1,1
110,19,21.8,1,1
110,19.25,22,1,1
110,19.5,22,1,1
110,19.75,21.4,1,1
110,20,7.8,1,1
110,20.25,6.4,1,1
110,20.5,6.3,1,1
110,20.75,6.4,1,1
110,21,1.6,1,1
110,21.25,1.4,1,1
110,21.5,1.3,1,1
110,21.75,1.3,1,1
110,22,1.3,1,1
110,22.25,1.5,1,1
110,22.5,1.4,1,1
110,22.75,1.4,1,1
110,23,1.3,1,1
110,23.25,1.3,1,1
110,23.5,1.5,1,1
110,23.75,1.4,1,1
110,0,1.4,1,1
110,0.25,1.3,1,1
110,0.5,1.2,1,1
110,0.75,1.3,1,1
110,1,1.4,1,1
110,1.25,1.4,1,1
110,1.5,1.4,1,1
110,1.75,1.4,1,1
110,2,1.3,1,1
110,2.25,1.6,1,1
110,2.5,1.4,1,1
110,2.75,1.5,1,1
110,3,1.4,1,1
110,3.25,1.3,1,1
110,3.5,1.3,1,1
110,3.75,1.4,1,1
110,4,1.3,1,1
110,4.25,1.4,1,1
110,4.5,1.3,1,1
110,4.75,1.3,1,1
110,5,1.4,1,1
110,5.25,1.3,1,1
110,5.5,1.4,1,1
110,5.75,1.5,1,1
110,6,1.3,1,1
110,6.25,1.4,1,1
110,6.5,1.5,1,1
110,6.75,1.7,1,1
110,7,2.2,1,1
110,7.25,3.3,1,1
110,7.5,7.3,1,1
110,7.75,8,1,1
110,8,21.5,1,1
110,8.25,22.7,1,1
110,8.5,22.8,1,1
110,8.75,21.9,1,1
110,9,17.2,1,1
110,9.25,16.3,1,1
110,9.5,16.8,1,1
110,9.75,16,1,1
110,10,16.2,1,1
110,10.25,15.3,1,1
110,10.5,15.6,1,1
110,10.75,16.6,1,1
110,11,18,1,1
110,11.25,16.1,1,1
110,11.5,15.5,1,1
110,11.75,15,1,1
110,12,15.8,1,1
110,12.25,15.1,1,1
110,12.5,15.4,1,1
110,12.75,15.4,1,1
110,13,15.6,1,1
110,13.25,15.6,1,1
110,13.5,17,1,1
110,13.75,16.9,1,1
110,14,15.7,1,1
110,14.25,16.1,1,1
110,14.5,15.7,1,1
110,14.75,16.1,1,1
110,15,17.8,1,1
110,15.25,20.9,1,1
110,15.5,22.4,1,1
110,15.75,22.9,1,1
110,16,22.6,1,1
110,16.25,22.3,1,1
110,16.5,22,1,1
110,16.75,22.3,1,1
110,17,22,1,1
110,17.25,21.9,1,1
110,17.5,22.2,1,1
110,17.75,22,1,1
110,18,21.8,1,1
110,18.25,21.9,1,1
110,18.5,21.8,1,1
110,18.75,22.3,1,1
110,19,21.8,1,1
110,19.25,22,1,1
110,19.5,21.9,1,1
110,19.75,20.5,1,1
110,20,7.1,1,1
110,20.25,6.1,1,1
110,20.5,6.2,1,1
110,20.75,6.3,1,1
110,21,1.4,1,1
110,21.25,1.3,1,1
110,21.5,1.2,1,1
110,21.75,1.4,1,1
110,22,1.2,1,1
110,22.25,1.3,1,1
110,22.5,1.5,1,1
110,22.75,1.1,1,1
110,23,1.2,1,1
110,23.25,1.3,1,1
110,23.5,1.2,1,1
110,23.75,1.4,1,1
110,0,1.3,1,1
110,0.25,1.3,1,1
110,0.5,1.3,1,1
110,0.75,1.4,1,1
110,1,1.3,1,1
110,1.25,1.5,1,1
110,1.5,1.5,1,1
110,1.75,1.3,1,1
110,2,1.4,1,1
110,2.25,1.3,1,1
110,2.5,1.4,1,1
110,2.75,1.4,1,1
110,3,1.4,1,1
110,3.25,1.2,1,1
110,3.5,1.4,1,1
110,3.75,1.3,1,1
110,4,1.4,1,1
110,4.25,1.3,1,1
110,4.5,1.4,1,1
110,4.75,1.3,1,1
110,5,1.4,1,1
110,5.25,1.5,1,1
110,5.5,1.4,1,1
110,5.75,1.6,1,1
110,6,1.6,1,1
110,6.25,1.3,1,1
110,6.5,1.3,1,1
110,6.75,1.9,1,1
110,7,2.1,1,1
110,7.25,3.2,1,1
110,7.5,7.2,1,1
110,7.75,9.1,1,1
110,8,15.5,1,1
110,8.25,15.7,1,1
110,8.5,15.9,1,1
110,8.75,15.1,1,1
110,9,14.1,1,1
110,9.25,14.5,1,1
110,9.5,14.6,1,1
110,9.75,15,1,1
110,10,14.7,1,1
110,10.25,14.7,1,1
110,10.5,16.5,1,1
110,10.75,15.3,1,1
110,11,15.9,1,1
110,11.25,15.5,1,1
110,11.5,16.2,1,1
110,11.75,15.3,1,1
110,12,15.2,1,1
110,12.25,15.4,1,1
110,12.5,15.8,1,1
110,12.75,14.9,1,1
110,13,15.7,1,1
110,13.25,16.4,1,1
110,13.5,20.1,1,1
110,13.75,20.9,1,1
110,14,21.3,1,1
110,14.25,21.7,1,1
110,14.5,21.8,1,1
110,14.75,21.7,1,1
110,15,18.3,1,1
110,15.25,21,1,1
110,15.5,21.1,1,1
110,15.75,21.2,1,1
110,16,21.5,1,1
110,16.25,21.8,1,1
110,16.5,21.4,1,1
110,16.75,21.3,1,1
110,17,21.3,1,1
110,17.25,21.1,1,1
110,17.5,21.2,1,1
110,17.75,20.9,1,1
110,18,16.1,1,1
110,18.25,1.3,1,0
110,18.5,1.3,1,0
110,18.75,1.3,1,0
110,19,1.4,1,0
110,19.25,1.3,1,0
110,19.5,1.4,1,0
110,19.75,1.3,1,0
110,20,5.1,1,1
110,20.25,5.6,1,1
110,20.5,5.3,1,1
110,20.75,5.3,1,1
110,21,1.3,1,1
110,21.25,1.4,1,1
110,21.5,1.6,1,1
110,21.75,1.4,1,1
110,22,1.2,1,1
110,22.25,1.2,1,1
110,22.5,1.3,1,1
110,22.75,1.6,1,1
110,23,1.4,1,1
110,23.25,1.3,1,1
110,23.5,1.3,1,1
110,23.75,1.4,1,1
110,0,1.2,1,1
110,0.25,1.2,1,1
110,0.5,1.3,1,1
110,0.75,1.4,1,1
110,1,1.5,1,1
110,1.25,1.1,1,1
110,1.5,1.2,1,1
110,1.75,1.1,1,1
110,2,1.5,1,1
110,2.25,1.3,1,1
110,2.5,1.1,1,1
110,2.75,1.1,1,1
110,3,1.2,1,1
110,3.25,1.4,1,1
110,3.5,1.4,1,1
110,3.75,1.1,1,1
110,4,1,1,1
110,4.25,1.3,1,1
110,4.5,1.3,1,1
110,4.75,1.2,1,1
110,5,1.1,1,1
110,5.25,1.1,1,1
110,5.5,1.3,1,1
110,5.75,1.5,1,1
110,6,1.2,1,1
110,6.25,1.2,1,1
110,6.5,1.6,1,1
110,6.75,2.3,1,1
110,7,3.3,1,1
110,7.25,3.6,1,1
110,7.5,7.4,1,1
110,7.75,8.7,1,1
110,8,21.4,1,1
110,8.25,22,1,1
110,8.5,21.7,1,1
110,8.75,21.8,1,1
110,9,22.1,1,1
110,9.25,21,1,1
110,9.5,16.1,1,1
110,9.75,15.7,1,1
110,10,16.3,1,1
110,10.25,15.8,1,1
110,10.5,15.7,1,1
110,10.75,17.7,1,1
110,11,17.2,1,1
110,11.25,16.7,1,1
110,11.5,15.6,1,1
110,11.75,16.2,1,1
110,12,16.6,1,1
110,12.25,16.3,1,1
110,12.5,15.7,1,1
110,12.75,15.9,1,1
110,13,16.3,1,1
110,13.25,17,1,1
110,13.5,17,1,1
110,13.75,18.1,1,1
110,14,18.2,1,1
110,14.25,16.6,1,1
110,14.5,20.4,1,1
110,14.75,21.9,1,1
110,15,22.9,1,1
110,15.25,22.5,1,1
110,15.5,22.3,1,1
110,15.75,22.2,1,1
110,16,22,1,1
110,16.25,22.3,1,1
110,16.5,22.2,1,1
110,16.75,22.4,1,1
110,17,21.9,1,1
110,17.25,21.8,1,1
110,17.5,22.1,1,1
110,17.75,22.2,1,1
110,18,21.6,1,1
110,18.25,22,1,1
110,18.5,21.4,1,1
110,18.75,22.1,1,1
110,19,21.8,1,1
110,19.25,21.8,1,1
110,19.5,21.5,1,1
110,19.75,21.5,1,1
110,20,8.1,1,1
110,20.25,5.8,1,1
110,20.5,5.7,1,1
110,20.75,5.7,1,1
110,21,1.5,1,1
110,21.25,1.6,1,1
110,21.5,1.3,1,1
110,21.75,1.4,1,1
110,22,1.2,1,1
110,22.25,1.5,1,1
110,22.5,1.4,1,1
110,22.75,1.6,1,1
110,23,1.5,1,1
110,23.25,1.3,1,1
110,23.5,1.3,1,1
110,23.75,1.3,1,1
110,0,1.4,1,1
110,0.25,1.4,1,1
110,0.5,1.3,1,1
110,0.75,1.3,1,1
110,1,1.3,1,1
110,1.25,1.4,1,1
110,1.5,1.3,1,1
110,1.75,1.3,1,1
110,2,1.2,1,1
110,2.25,1.2,1,1
110,2.5,1.2,1,1
110,2.75,1.2,1,1
110,3,1.3,1,1
110,3.25,1.5,1,1
110,3.5,1.4,1,1
110,3.75,1.1,1,1
110,4,1.2,1,1
110,4.25,1.3,1,1
110,4.5,1.3,1,1
110,4.75,1.1,1,1
110,5,1.6,1,1
110,5.25,1.3,1,1
110,5.5,1.2,1,1
110,5.75,1.4,1,1
110,6,1.3,1,1
110,6.25,1.4,1,1
110,6.5,1.3,1,1
110,6.75,1.7,1,1
110,7,2.1,1,1
110,7.25,2.4,1,1
110,7.5,6.6,1,1
110,7.75,9.2,1,1
110,8,20.7,1,1
110,8.25,21.2,1,1
110,8.5,21.4,1,1
110,8.75,21.6,1,1
110,9,21.3,1,1
110,9.25,21.4,1,1
110,9.5,19.5,1,1
110,9.75,16.5,1,1
110,10,16.7,1,1
110,10.25,17.9,1,1
110,10.5,16.8,1,1
110,10.75,17.9,1,1
110,11,15.7,1,1
110,11.25,15.8,1,1
110,11.5,16.5,1,1
110,11.75,15.8,1,1
110,12,16.3,1,1
110,12.25,18.9,1,1
110,12.5,17.7,1,1
110,12.75,16.3,1,1
110,13,16.1,1,1
110,13.25,16.7,1,1
110,13.5,18,1,1
110,13.75,17.2,1,1
110,14,17.2,1,1
110,14.25,17.7,1,1
110,14.5,19.6,1,1
110,14.75,21,1,1
110,15,22.5,1,1
110,15.25,21.9,1,1
110,15.5,21.7,1,1
110,15.75,22.1,1,1
110,16,22.3,1,1
110,16.25,21.6,1,1
110,16.5,21.4,1,1
110,16.75,22,1,1
110,17,21.4,1,1
110,17.25,21.2,1,1
110,17.5,21.1,1,1
110,17.75,21,1,1
110,18,21.1,1,1
110,18.25,21.1,1,1
110,18.5,21.8,1,1
110,18.75,22,1,1
110,19,22,1,1
110,19.25,21.7,1,1
110,19.5,21.6,1,1
110,19.75,21.3,1,1
110,20,7.9,1,1
110,20.25,6.4,1,1
110,20.5,6.4,1,1
110,20.75,6.4,1,1
110,21,1.2,1,1
110,21.25,1.3,1,1
110,21.5,1.2,1,1
110,21.75,1.1,1,1
110,22,1.3,1,1
110,22.25,1.1,1,1
110,22.5,1.2,1,1
110,22.75,1.3,1,1
110,23,0.9,1,1
110,23.25,1.3,1,1
110,23.5,1.3,1,1
110,23.75,1.2,1,1
110,0,1.3,1,1
110,0.25,1.2,1,1
110,0.5,1,1,1
110,0.75,1.2,1,1
110,1,1.3,1,1
110,1.25,1.1,1,1
110,1.5,1.3,1,1
110,1.75,1.1,1,1
110,2,1,1,1
110,2.25,1.3,1,1
110,2.5,1.2,1,1
110,2.75,1.1,1,1
110,3,1.3,1,1
110,3.25,1,1,1
110,3.5,1.2,1,1
110,3.75,1.3,1,1
110,4,1.2,1,1
110,4.25,1.3,1,1
110,4.5,1.3,1,1
110,4.75,1.3,1,1
110,5,1.3,1,1
110,5.25,1,1,1
110,5.5,1.3,1,1
110,5.75,1.5,1,1
110,6,1.2,1,1
110,6.25,1.1,1,1
110,6.5,1.2,1,1
110,6.75,1.7,1,1
110,7,2.3,1,1
110,7.25,2.7,1,1
110,7.5,6.7,1,1
110,7.75,9.1,1,1
110,8,21.6,1,1
110,8.25,22.3,1,1
110,8.5,21.4,1,1
110,8.75,20.9,1,1
110,9,15.7,1,1
110,9.25,15.7,1,1
110,9.5,18.6,1,1
110,9.75,16.6,1,1
110,10,15.9,1,1
110,10.25,15.4,1,1
110,10.5,14.7,1,1
110,10.75,14.7,1,1
110,11,14.4,1,1
110,11.25,15.4,1,1
110,11.5,15.3,1,1
110,11.75,14.9,1,1
110,12,15.8,1,1
110,12.25,15.4,1,1
110,12.5,15.3,1,1
110,12.75,15,1,1
110,13,16.8,1,1
110,13.25,15.2,1,1
110,13.5,15.5,1,1
110,13.75,16.1,1,1
110,14,16,1,1
110,14.25,17.2,1,1
110,14.5,15.7,1,1
110,14.75,17.5,1,1
110,15,20.2,1,1
110,15.25,21.3,1,1
110,15.5,21.5,1,1
110,15.75,22.4,1,1
110,16,22.3,1,1
110,16.25,22.3,1,1
110,16.5,22.1,1,1
110,16.75,22.2,1,1
110,17,21.9,1,1
110,17.25,21.8,1,1
110,17.5,22.2,1,1
110,17.75,22,1,1
110,18,22.8,1,1
110,18.25,21.8,1,1
110,18.5,21.9,1,1
110,18.75,22.1,1,1
110,19,22,1,1
110,19.25,22.1,1,1
110,19.5,22,1,1
110,19.75,21.4,1,1
110,20,8.4,1,1
110,20.25,6.2,1,1
110,20.5,6.3,1,1
110,20.75,6.2,1,1
110,21,1.4,1,1
110,21.25,1.3,1,1
110,21.5,1.1,1,1
110,21.75,1.2,1,1
110,22,1.2,1,1
110,22.25,1.3,1,1
110,22.5,1.2,1,1
110,22.75,1.4,1,1
110,23,1.2,1,1
110,23.25,1.2,1,1
110,23.5,1.4,1,1
110,23.75,1.2,1,1
110,0,1.4,1,1
110,0.25,1.2,1,1
110,0.5,1.2,1,1
110,0.75,1.3,1,1
110,1,1.1,1,1
110,1.25,1.3,1,1
110,1.5,1.3,1,1
110,1.75,1.2,1,1
110,2,1.3,1,1
110,2.25,1.2,1,1
110,2.5,1.3,1,1
110,2.75,1.3,1,1
110,3,1.5,1,1
110,3.25,1.4,1,1
110,3.5,1.3,1,1
110,3.75,1.2,1,1
110,4,1.4,1,1
110,4.25,1.2,1,1
110,4.5,1.4,1,1
110,4.75,1.1,1,1
110,5,1.2,1,1
110,5.25,1.2,1,1
110,5.5,1.3,1,1
110,5.75,1.6,1,1
110,6,1.3,1,1
110,6.25,1.2,1,1
110,6.5,1.3,1,1
110,6.75,1.7,1,1
110,7,2.2,1,1
110,7.25,3.6,1,1
110,7.5,7.4,1,1
110,7.75,8.4,1,1
110,8,22.8,1,1
110,8.25,18.9,1,1
110,8.5,17,1,1
110,8.75,15.4,1,1
110,9,14.8,1,1
110,9.25,14.7,1,1
110,9.5,14.6,1,1
110,9.75,14.3,1,1
110,10,14.3,1,1
110,10.25,16.1,1,1
110,10.5,14.9,1,1
110,10.75,15.3,1,1
110,11,14.8,1,1
110,11.25,15,1,1
110,11.5,14.9,1,1
110,11.75,14.7,1,1
110,12,16.4,1,1
110,12.25,15.9,1,1
110,12.5,15.9,1,1
110,12.75,14.8,1,1
110,13,15.3,1,1
110,13.25,15.1,1,1
110,13.5,16.4,1,1
110,13.75,15.2,1,1
110,14,15.3,1,1
110,14.25,14.6,1,1
110,14.5,14.8,1,1
110,14.75,14.9,1,1
110,15,15.5,1,1
110,15.25,21,1,1
110,15.5,22,1,1
110,15.75,21.7,1,1
110,16,21.8,1,1
110,16.25,21.8,1,1
110,16.5,21.5,1,1
110,16.75,21.3,1,1
110,17,21.5,1,1
110,17.25,21,1,1
110,17.5,21.3,1,1
110,17.75,21.3,1,1
110,18,21.6,1,1
110,18.25,21.2,1,1
110,18.5,20.9,1,1
110,18.75,21.5,1,1
110,19,21.8,1,1
110,19.25,21.8,1,1
110,19.5,22,1,1
110,19.75,21.4,1,1
110,20,8.1,1,1
110,20.25,6.3,1,1
110,20.5,6.2,1,1
110,20.75,6.1,1,1
110,21,1.2,1,1
110,21.25,1.1,1,1
110,21.5,1.4,1,1
110,21.75,1.4,1,1
110,22,1.1,1,1
110,22.25,1.3,1,1
110,22.5,1.1,1,1
110,22.75,1.4,1,1
110,23,1.3,1,1
110,23.25,1.2,1,1
110,23.5,1.3,1,1
110,23.75,1.2,1,1
110,0,1.4,1,1
110,0.25,1.2,1,1
110,0.5,1.3,1,1
110,0.75,1.1,1,1
110,1,1.2,1,1
110,1.25,1.3,1,1
110,1.5,1.1,1,1
110,1.75,1.1,1,1
110,2,1.1,1,1
110,2.25,1.1,1,1
110,2.5,1.3,1,1
110,2.75,1.4,1,1
110,3,1.1,1,1
110,3.25,1.2,1,1
110,3.5,1.2,1,1
110,3.75,1.1,1,1
110,4,1.3,1,1
110,4.25,1.2,1,1
110,4.5,1.2,1,1
110,4.75,1.2,1,1
110,5,1.1,1,1
110,5.25,1.4,1,1
110,5.5,1.3,1,1
110,5.75,1.5,1,1
110,6,1.2,1,1
110,6.25,1.4,1,1
110,6.5,1.3,1,1
110,6.75,2.1,1,1
110,7,2.1,1,1
110,7.25,3.4,1,1
110,7.5,6.9,1,1
110,7.75,8,1,1
110,8,21.7,1,1
110,8.25,22.4,1,1
110,8.5,21.3,1,1
110,8.75,17,1,1
110,9,15.8,1,1
110,9.25,17.3,1,1
110,9.5,17.5,1,1
110,9.75,16.5,1,1
110,10,15,1,1
110,10.25,15.7,1,1
110,10.5,19.5,1,1
110,10.75,21,1,1
110,11,21.6,1,1
110,11.25,19.4,1,1
110,11.5,15.5,1,1
110,11.75,16.9,1,1
110,12,17.1,1,1
110,12.25,15.5,1,1
110,12.5,15.7,1,1
110,12.75,14.7,1,1
110,13,15.4,1,1
110,13.25,15.2,1,1
110,13.5,15.4,1,1
110,13.75,18.8,1,1
110,14,16.5,1,1
110,14.25,16,1,1
110,14.5,16.3,1,1
110,14.75,20.1,1,1
110,15,17.6,1,1
110,15.25,20.5,1,1
110,15.5,22.1,1,1
110,15.75,23,1,1
110,16,22.6,1,1
110,16.25,22,1,1
110,16.5,22.5,1,1
110,16.75,22.4,1,1
110,17,22.4,1,1
110,17.25,22.6,1,1
110,17.5,22.6,1,1
110,17.75,22.6,1,1
110,18,22.7,1,1
110,18.25,22.5,1,1
110,18.5,22.4,1,1
110,18.75,22.3,1,1
110,19,22.9,1,1
110,19.25,22.6,1,1
110,19.5,22.1,1,1
110,19.75,21.7,1,1
110,20,10.3,1,1
110,20.25,6.5,1,1
110,20.5,6.3,1,1
110,20.75,6.3,1,1
110,21,1.4,1,1
110,21.25,1.4,1,1
110,21.5,1.4,1,1
110,21.75,1.3,1,1
110,22,1.5,1,1
110,22.25,1.3,1,1
110,22.5,1.4,1,1
110,22.75,1.3,1,1
110,23,1.3,1,1
110,23.25,1.4,1,1
110,23.5,1.6,1,1
110,23.75,1.5,1,1
110,0,1.3,1,1
110,0.25,1.4,1,1
110,0.5,1.4,1,1
110,0.75,1.4,1,1
110,1,1.3,1,1
110,1.25,1.3,1,1
110,1.5,1.4,1,1
110,1.75,1.4,1,1
110,2,1.3,1,1
110,2.25,1.2,1,1
110,2.5,1.3,1,1
110,2.75,1.4,1,1
110,3,1.3,1,1
110,3.25,1.3,1,1
110,3.5,1.4,1,1
110,3.75,1.4,1,1
110,4,1.2,1,1
110,4.25,1.4,1,1
110,4.5,1.3,1,1
110,4.75,1.4,1,1
110,5,1.4,1,1
110,5.25,1.3,1,1
110,5.5,1.3,1,1
110,5.75,1.7,1,1
110,6,1.4,1,1
110,6.25,1.5,1,1
110,6.5,1.4,1,1
110,6.75,1.9,1,1
110,7,2.3,1,1
110,7.25,4.5,1,1
110,7.5,7.1,1,1
110,7.75,8.3,1,1
110,8,21.6,1,1
110,8.25,22.1,1,1
110,8.5,21.9,1,1
110,8.75,22.1,1,1
110,9,21.5,1,1
110,9.25,20.1,1,1
110,9.5,15.5,1,1
110,9.75,15.3,1,1
110,10,14.8,1,1
110,10.25,14.3,1,1
110,10.5,14.4,1,1
110,10.75,14.7,1,1
110,11,16.6,1,1
110,11.25,17.5,1,1
110,11.5,15.5,1,1
110,11.75,14.6,1,1
110,12,14.3,1,1
110,12.25,14.3,1,1
110,12.5,14.4,1,1
110,12.75,14.6,1,1
110,13,14.1,1,1
110,13.25,16.2,1,1
110,13.5,14.2,1,1
110,13.75,14.2,1,1
110,14,14.6,1,1
110,14.25,14.8,1,1
110,14.5,16,1,1
110,14.75,20.9,1,1
110,15,21.6,1,1
110,15.25,21.3,1,1
110,15.5,21.2,1,1
110,15.75,21.4,1,1
110,16,21.5,1,1
110,16.25,21.6,1,1
110,16.5,22.2,1,1
110,16.75,21.9,1,1
110,17,21.9,1,1
110,17.25,22.5,1,1
110,17.5,22.8,1,1
110,17.75,22,1,1
110,18,19.6,1,1
110,18.25,3.5,1,0
110,18.5,1.6,1,0
110,18.75,1.4,1,0
110,19,1.4,1,0
110,19.25,1.4,1,0
110,19.5,1.3,1,0
110,19.75,1.5,1,0
110,20,6.1,1,1
110,20.25,6.1,1,1
110,20.5,6.2,1,1
110,20.75,6.4,1,1
110,21,1.4,1,1
110,21.25,1.1,1,1
110,21.5,1.3,1,1
110,21.75,1.4,1,1
110,22,1.4,1,1
110,22.25,1.3,1,1
110,22.5,1.3,1,1
110,22.75,1.6,1,1
110,23,1.4,1,1
110,23.25,1.3,1,1
110,23.5,1.3,1,1
110,23.75,1.5,1,1
110,0,1.4,1,1
110,0.25,1.6,1,1
110,0.5,1.4,1,1
110,0.75,1.4,1,1
110,1,1.4,1,1
110,1.25,1.4,1,1
110,1.5,1.4,1,1
110,1.75,1.4,1,1
110,2,1.5,1,1
110,2.25,1.4,1,1
110,2.5,1.4,1,1
110,2.75,1.4,1,1
110,3,1.4,1,1
110,3.25,1.5,1,1
110,3.5,1.4,1,1
110,3.75,1.4,1,1
110,4,1.4,1,1
110,4.25,1.3,1,1
110,4.5,1.5,1,1
110,4.75,1.3,1,1
110,5,1.4,1,1
110,5.25,1.4,1,1
110,5.5,1.4,1,1
110,5.75,1.5,1,1
110,6,1.7,1,1
110,6.25,1.8,1,1
110,6.5,1.6,1,1
110,6.75,2,1,1
110,7,2.3,1,1
110,7.25,3.6,1,1
110,7.5,6.8,1,1
110,7.75,8.4,1,1
110,8,21.6,1,1
110,8.25,21.6,1,1
110,8.5,20.2,1,1
110,8.75,17.2,1,1
110,9,15.2,1,1
110,9.25,14.7,1,1
110,9.5,14.1,1,1
110,9.75,15.1,1,1
110,10,16.6,1,1
110,10.25,15.7,1,1
110,10.5,15.4,1,1
110,10.75,15.7,1,1
110,11,15.2,1,1
110,11.25,15,1,1
110,11.5,14.7,1,1
110,11.75,14.9,1,1
110,12,15.4,1,1
110,12.25,15.4,1,1
110,12.5,16,1,1
110,12.75,20.3,1,1
110,13,16.7,1,1
110,13.25,16.9,1,1
110,13.5,17,1,1
110,13.75,17.1,1,1
110,14,20.2,1,1
110,14.25,21.8,1,1
110,14.5,21.8,1,1
110,14.75,22.2,1,1
110,15,21.8,1,1
110,15.25,21.7,1,1
110,15.5,21.7,1,1
110,15.75,21.8,1,1
110,16,21.6,1,1
110,16.25,21.6,1,1
110,16.5,22,1,1
110,16.75,21.8,1,1
110,17,22,1,1
110,17.25,22.3,1,1
110,17.5,22.3,1,1
110,17.75,22.3,1,1
110,18,22.1,1,1
110,18.25,22.3,1,1
110,18.5,22.4,1,1
110,18.75,22.4,1,1
110,19,22,1,1
110,19.25,22.2,1,1
110,19.5,22.3,1,1
110,19.75,21.5,1,1
110,20,10.4,1,1
110,20.25,6.3,1,1
110,20.5,6.4,1,1
110,20.75,6.4,1,1
110,21,1.5,1,1
110,21.25,1.5,1,1
110,21.5,1.5,1,1
110,21.75,1.5,1,1
110,22,1.6,1,1
110,22.25,1.5,1,1
110,22.5,1.5,1,1
110,22.75,1.6,1,1
110,23,1.5,1,1
110,23.25,1.4,1,1
110,23.5,1.5,1,1
110,23.75,1.5,1,1
110,0,1.6,1,1
110,0.25,1.5,1,1
110,0.5,1.4,1,1
110,0.75,1.6,1,1
110,1,1.6,1,1
110,1.25,1.4,1,1
110,1.5,1.5,1,1
110,1.75,1.6,1,1
110,2,1.5,1,1
110,2.25,1.4,1,1
110,2.5,1.4,1,1
110,2.75,1.6,1,1
110,3,1.4,1,1
110,3.25,1.5,1,1
110,3.5,1.5,1,1
110,3.75,1.5,1,1
110,4,1.4,1,1
110,4.25,1.5,1,1
110,4.5,1.6,1,1
110,4.75,1.4,1,1
110,5,1.4,1,1
110,5.25,1.6,1,1
110,5.5,1.4,1,1
110,5.75,1.6,1,1
110,6,1.5,1,1
110,6.25,1.8,1,1
110,6.5,1.7,1,1
110,6.75,2,1,1
110,7,2.6,1,1
110,7.25,2.7,1,1
110,7.5,6.4,1,1
110,7.75,7.4,1,1
110,8,21,1,1
110,8.25,16.8,1,1
110,8.5,15.9,1,1
110,8.75,15.1,1,1
110,9,15.3,1,1
110,9.25,15.5,1,1
110,9.5,14.8,1,1
110,9.75,14.3,1,1
110,10,15.9,1,1
110,10.25,16.3,1,1
110,10.5,15.6,1,1
110,10.75,15.2,1,1
110,11,15,1,1
110,11.25,14.9,1,1
110,11.5,15.2,1,1
110,11.75,15.4,1,1
110,12,16.3,1,1
110,12.25,15.2,1,1
110,12.5,15.2,1,1
110,12.75,15,1,1
110,13,14.8,1,1
110,13.25,15.1,1,1
110,13.5,14.9,1,1
110,13.75,14.7,1,1
110,14,15.6,1,1
110,14.25,15.1,1,1
110,14.5,15.5,1,1
110,14.75,16.3,1,1
110,15,16.6,1,1
110,15.25,20.5,1,1
110,15.5,22.2,1,1
110,15.75,21.9,1,1
110,16,22.2,1,1
110,16.25,22.5,1,1
110,16.5,22.2,1,1
110,16.75,22.9,1,1
110,17,22,1,1
110,17.25,22.3,1,1
110,17.5,22.1,1,1
110,17.75,22.1,1,1
110,18,22,1,1
110,18.25,22.3,1,1
110,18.5,22.4,1,1
110,18.75,22.3,1,1
110,19,22.5,1,1
110,19.25,22.5,1,1
110,19.5,22.4,1,1
110,19.75,21.5,1,1
110,20,9,1,1
110,20.25,6.7,1,1
110,20.5,6.5,1,1
110,20.75,6.5,1,1
110,21,1.7,1,1
110,21.25,1.8,1,1
110,21.5,1.8,1,1
110,21.75,1.6,1,1
110,22,1.7,1,1
110,22.25,1.7,1,1
110,22.5,1.7,1,1
110,22.75,1.8,1,1
110,23,1.7,1,1
110,23.25,1.7,1,1
110,23.5,1.5,1,1
110,23.75,1.7,1,1
110,0,1.6,1,1
110,0.25,1.5,1,1
110,0.5,1.5,1,1
110,0.75,1.7,1,1
110,1,1.5,1,1
110,1.25,1.5,1,1
110,1.5,1.5,1,1
110,1.75,1.6,1,1
110,2,1.4,1,1
110,2.25,1.4,1,1
110,2.5,1.4,1,1
110,2.75,1.3,1,1
110,3,1.4,1,1
110,3.25,1.5,1,1
110,3.5,1.4,1,1
110,3.75,1.4,1,1
110,4,1.5,1,1
110,4.25,1.4,1,1
110,4.5,1.3,1,1
110,4.75,1.4,1,1
110,5,1.5,1,1
110,5.25,1.5,1,1
110,5.5,1.4,1,1
110,5.75,1.8,1,1
110,6,1.5,1,1
110,6.25,1.5,1,1
110,6.5,1.8,1,1
110,6.75,2.3,1,1
110,7,2.4,1,1
110,7.25,4.5,1,1
110,7.5,7.2,1,1
110,7.75,7.4,1,1
110,8,20.9,1,1
110,8.25,21.7,1,1
110,8.5,21.6,1,1
110,8.75,21.8,1,1
110,9,22,1,1
110,9.25,19.1,1,1
110,9.5,16.1,1,1
110,9.75,16.4,1,1
110,10,16.3,1,1
110,10.25,15.6,1,1
110,10.5,17.6,1,1
110,10.75,16.3,1,1
110,11,16.2,1,1
110,11.25,14.9,1,1
110,11.5,15.1,1,1
110,11.75,15.8,1,1
110,12,16.2,1,1
110,12.25,15.7,1,1
110,12.5,15.9,1,1
110,12.75,16.9,1,1
110,13,16.7,1,1
110,13.25,16.3,1,1
110,13.5,16.3,1,1
110,13.75,19.7,1,1
110,14,21.3,1,1
110,14.25,21,1,1
110,14.5,21.4,1,1
110,14.75,22.5,1,1
110,15,22.8,1,1
110,15.25,22.5,1,1
110,15.5,22.6,1,1
110,15.75,22,1,1
110,16,21.8,1,1
110,16.25,22.4,1,1
110,16.5,22.3,1,1
110,16.75,22.8,1,1
110,17,22.9,1,1
110,17.25,22.7,1,1
110,17.5,22.3,1,1
110,17.75,22.1,1,1
110,18,22.4,1,1
110,18.25,22.2,1,1
110,18.5,22.4,1,1
110,18.75,22.4,1,1
110,19,22.2,1,1
110,19.25,22,1,1
110,19.5,22.2,1,1
110,19.75,21.2,1,1
110,20,8.2,1,1
110,20.25,6.4,1,1
110,20.5,6.3,1,1
110,20.75,6.5,1,1
110,21,1.5,1,1
110,21.25,1.4,1,1
110,21.5,1.4,1,1
110,21.75,1.5,1,1
110,22,1.4,1,1
110,22.25,1.6,1,1
110,22.5,1.5,1,1
110,22.75,1.4,1,1
110,23,1.4,1,1
110,23.25,1.4,1,1
110,23.5,1.4,1,1
110,23.75,1.6,1,1
110,0,1.5,1,1
110,0.25,1.3,1,1
110,0.5,1.7,1,1
110,0.75,1.5,1,1
110,1,1.5,1,1
110,1.25,1.4,1,1
110,1.5,1.5,1,1
110,1.75,1.5,1,1
110,2,1.4,1,1
110,2.25,1.4,1,1
110,2.5,1.5,1,1
110,2.75,1.5,1,1
110,3,1.5,1,1
110,3.25,1.4,1,1
110,3.5,1.5,1,1
110,3.75,1.4,1,1
110,4,1.5,1,1
110,4.25,1.4,1,1
110,4.5,1.5,1,1
110,4.75,1.4,1,1
110,5,1.7,1,1
110,5.25,1.4,1,1
110,5.5,1.4,1,1
110,5.75,1.6,1,1
110,6,1.4,1,1
110,6.25,1.6,1,1
110,6.5,1.5,1,1
110,6.75,2.2,1,1
110,7,2.6,1,1
110,7.25,2.9,1,1
110,7.5,6.9,1,1
110,7.75,8.1,1,1
110,8,22.1,1,1
110,8.25,22.9,1,1
110,8.5,22.5,1,1
110,8.75,22.2,1,1
110,9,22.2,1,1
110,9.25,22.2,1,1
110,9.5,20.5,1,1
110,9.75,15.8,1,1
110,10,16.8,1,1
110,10.25,17.3,1,1
110,10.5,17.1,1,1
110,10.75,16.8,1,1
110,11,16.1,1,1
110,11.25,16.7,1,1
110,11.5,15.9,1,1
110,11.75,16.1,1,1
110,12,16.3,1,1
110,12.25,15.8,1,1
110,12.5,16.3,1,1
110,12.75,15.9,1,1
110,13,16,1,1
110,13.25,17,1,1
110,13.5,20.9,1,1
110,13.75,19.5,1,1
110,14,15.9,1,1
110,14.25,16.4,1,1
110,14.5,17.4,1,1
110,14.75,18.9,1,1
110,15,22.3,1,1
110,15.25,22.1,1,1
110,15.5,21.7,1,1
110,15.75,21.8,1,1
110,16,22,1,1
110,16.25,21.8,1,1
110,16.5,21.9,1,1
110,16.75,21.7,1,1
110,17,22.3,1,1
110,17.25,22.7,1,1
110,17.5,22.9,1,1
110,17.75,22.8,1,1
110,18,22.6,1,1
110,18.25,22.7,1,1
110,18.5,22.5,1,1
110,18.75,22.7,1,1
110,19,22.2,1,1
110,19.25,22,1,1
110,19.5,22.2,1,1
110,19.75,21.9,1,1
110,20,8.4,1,1
110,20.25,6.3,1,1
110,20.5,6.2,1,1
110,20.75,6.4,1,1
110,21,1.5,1,1
110,21.25,1.5,1,1
110,21.5,1.4,1,1
110,21.75,1.5,1,1
110,22,1.5,1,1
110,22.25,1.5,1,1
110,22.5,1.5,1,1
110,22.75,1.4,1,1
110,23,1.5,1,1
110,23.25,1.5,1,1
110,23.5,1.6,1,1
110,23.75,1.5,1,1
110,0,1.5,1,1
110,0.25,1.5,1,1
110,0.5,1.4,1,1
110,0.75,1.5,1,1
110,1,1.5,1,1
110,1.25,1.4,1,1
110,1.5,1.4,1,1
110,1.75,1.5,1,1
110,2,1.6,1,1
110,2.25,1.5,1,1
110,2.5,1.5,1,1
110,2.75,1.5,1,1
110,3,1.6,1,1
110,3.25,1.3,1,1
110,3.5,1.4,1,1
110,3.75,1.6,1,1
110,4,1.5,1,1
110,4.25,1.4,1,1
110,4.5,1.5,1,1
110,4.75,1.5,1,1
110,5,1.4,1,1
110,5.25,1.4,1,1
110,5.5,1.6,1,1
110,5.75,1.7,1,1
110,6,1.3,1,1
110,6.25,1.5,1,1
110,6.5,1.9,1,1
110,6.75,2.2,1,1
110,7,2.4,1,1
110,7.25,3.9,1,1
110,7.5,6.8,1,1
110,7.75,7.6,1,1
110,8,21.6,1,1
110,8.25,22.2,1,1
110,8.5,22.6,1,1
110,8.75,21.4,1,1
110,9,16.9,1,1
110,9.25,18.8,1,1
110,9.5,19.5,1,1
110,9.75,19.2,1,1
110,10,17.2,1,1
110,10.25,17.1,1,1
110,10.5,16.5,1,1
110,10.75,15.7,1,1
110,11,15.6,1,1
110,11.25,15.8,1,1
110,11.5,15.8,1,1
110,11.75,15.9,1,1
110,12,16,1,1
110,12.25,16.1,1,1
110,12.5,15.7,1,1
110,12.75,15.4,1,1
110,13,15.1,1,1
110,13.25,16.4,1,1
110,13.5,16.7,1,1
110,13.75,16,1,1
110,14,16.6,1,1
110,14.25,17,1,1
110,14.5,18.8,1,1
110,14.75,19.8,1,1
110,15,19.8,1,1
110,15.25,22.2,1,1
110,15.5,22.3,1,1
110,15.75,21.6,1,1
110,16,21.7,1,1
110,16.25,21.5,1,1
110,16.5,21.4,1,1
110,16.75,21.4,1,1
110,17,21.4,1,1
110,17.25,21.5,1,1
110,17.5,21.7,1,1
110,17.75,21.4,1,1
110,18,21.4,1,1
110,18.25,21.7,1,1
110,18.5,22.3,1,1
110,18.75,22.1,1,1
110,19,22,1,1
110,19.25,21.8,1,1
110,19.5,21.9,1,1
110,19.75,21.9,1,1
110,20,7.9,1,1
110,20.25,6.4,1,1
110,20.5,6.4,1,1
110,20.75,6.3,1,1
110,21,1.5,1,1
110,21.25,1.3,1,1
110,21.5,1.4,1,1
110,21.75,1.4,1,1
110,22,1.4,1,1
110,22.25,1.5,1,1
110,22.5,1.4,1,1
110,22.75,1.3,1,1
110,23,1.4,1,1
110,23.25,1.5,1,1
110,23.5,1.3,1,1
110,23.75,1.4,1,1
110,0,1.6,1,1
110,0.25,1.3,1,1
110,0.5,1.4,1,1
110,0.75,1.4,1,1
110,1,1.5,1,1
110,1.25,1.4,1,1
110,1.5,1.4,1,1
110,1.75,1.5,1,1
110,2,1.4,1,1
110,2.25,1.3,1,1
110,2.5,1.5,1,1
110,2.75,1.4,1,1
110,3,1.5,1,1
110,3.25,1.4,1,1
110,3.5,1.4,1,1
110,3.75,1.5,1,1
110,4,1.5,1,1
110,4.25,1.3,1,1
110,4.5,1.4,1,1
110,4.75,1.6,1,1
110,5,1.5,1,1
110,5.25,1.4,1,1
110,5.5,1.4,1,1
110,5.75,1.7,1,1
110,6,1.5,1,1
110,6.25,1.7,1,1
110,6.5,1.8,1,1
110,6.75,2.3,1,1
110,7,2.5,1,1
110,7.25,4.9,1,1
110,7.5,7.3,1,1
110,7.75,8,1,1
110,8,20.5,1,1
110,8.25,21.8,1,1
110,8.5,19.3,1,1
110,8.75,15.7,1,1
110,9,15.3,1,1
110,9.25,15.3,1,1
110,9.5,14.9,1,1
110,9.75,14.2,1,1
110,10,15.5,1,1
110,10.25,15.8,1,1
110,10.5,16.5,1,1
110,10.75,16.3,1,1
110,11,18.2,1,1
110,11.25,19.8,1,1
110,11.5,19.9,1,1
110,11.75,19,1,1
110,12,16.7,1,1
110,12.25,17.3,1,1
110,12.5,19.6,1,1
110,12.75,21.1,1,1
110,13,21.3,1,1
110,13.25,21,1,1
110,13.5,20.9,1,1
110,13.75,21,1,1
110,14,21.1,1,1
110,14.25,21.2,1,1
110,14.5,21.1,1,1
110,14.75,21.6,1,1
110,15,21.7,1,1
110,15.25,21.7,1,1
110,15.5,21.4,1,1
110,15.75,21.5,1,1
110,16,22.3,1,1
110,16.25,22.2,1,1
110,16.5,21.9,1,1
110,16.75,22,1,1
110,17,22.3,1,1
110,17.25,22.1,1,1
110,17.5,22.4,1,1
110,17.75,21.3,1,1
110,18,17.3,1,1
110,18.25,1.3,1,0
110,18.5,1.6,1,0
110,18.75,1.5,1,0
110,19,1.4,1,0
110,19.25,1.4,1,0
110,19.5,1.6,1,0
110,19.75,1.5,1,0
110,20,6.1,1,1
110,20.25,6.3,1,1
110,20.5,6.4,1,1
110,20.75,5.6,1,1
110,21,1.5,1,1
110,21.25,1.4,1,1
110,21.5,1.5,1,1
110,21.75,1.4,1,1
110,22,1.4,1,1
110,22.25,1.5,1,1
110,22.5,1.6,1,1
110,22.75,1.5,1,1
110,23,1.5,1,1
110,23.25,1.5,1,1
110,23.5,1.7,1,1
110,23.75,1.4,1,1
110,0,1.4,1,1
110,0.25,1.6,1,1
110,0.5,1.5,1,1
110,0.75,1.4,1,1
110,1,1.4,1,1
110,1.25,1.5,1,1
110,1.5,1.4,1,1
110,1.75,1.3,1,1
110,2,1.3,1,1
110,2.25,1.4,1,1
110,2.5,1.5,1,1
110,2.75,1.5,1,1
110,3,1.4,1,1
110,3.25,1.4,1,1
110,3.5,1.5,1,1
110,3.75,1.6,1,1
110,4,1.5,1,1
110,4.25,1.5,1,1
110,4.5,1.4,1,1
110,4.75,1.5,1,1
110,5,1.4,1,1
110,5.25,1.4,1,1
110,5.5,1.4,1,1
110,5.75,1.6,1,1
110,6,1.7,1,1
110,6.25,1.4,1,1
110,6.5,1.7,1,1
110,6.75,2.1,1,1
110,7,2.6,1,1
110,7.25,2.5,1,1
110,7.5,7,1,1
110,7.75,9.3,1,1
110,8,21.6,1,1
110,8.25,21.8,1,1
110,8.5,21.6,1,1
110,8.75,21.4,1,1
110,9,19.7,1,1
110,9.25,15.8,1,1
110,9.5,16.8,1,1
110,9.75,19.1,1,1
110,10,14.9,1,1
110,10.25,15.4,1,1
110,10.5,17.3,1,1
110,10.75,15.5,1,1
110,11,15.9,1,1
110,11.25,15.8,1,1
110,11.5,16.1,1,1
110,11.75,15.3,1,1
110,12,15.3,1,1
110,12.25,15.3,1,1
110,12.5,15.8,1,1
110,12.75,15.4,1,1
110,13,15.4,1,1
110,13.25,15.2,1,1
110,13.5,16.7,1,1
110,13.75,16.1,1,1
110,14,16.7,1,1
110,14.25,16.8,1,1
110,14.5,20.5,1,1
110,14.75,20.5,1,1
110,15,21.6,1,1
110,15.25,21.8,1,1
110,15.5,22.1,1,1
110,15.75,22.3,1,1
110,16,23,1,1
110,16.25,23,1,1
110,16.5,22.6,1,1
110,16.75,23,1,1
110,17,22.9,1,1
110,17.25,22.8,1,1
110,17.5,22.6,1,1
110,17.75,22.4,1,1
110,18,22.3,1,1
110,18.25,22,1,1
110,18.5,22.4,1,1
110,18.75,22.2,1,1
110,19,22.4,1,1
110,19.25,22.6,1,1
110,19.5,22.4,1,1
110,19.75,20.9,1,1
110,20,10.3,1,1
110,20.25,6.4,1,1
110,20.5,6.2,1,1
110,20.75,6.3,1,1
110,21,1.4,1,1
110,21.25,1.4,1,1
110,21.5,1.4,1,1
110,21.75,1.4,1,1
110,22,1.4,1,1
110,22.25,1.4,1,1
110,22.5,1.4,1,1
110,22.75,1.6,1,1
110,23,1.4,1,1
110,23.25,1.4,1,1
110,23.5,1.4,1,1
110,23.75,1.3,1,1
110,0,1.3,0,1
110,0.25,1.4,0,1
110,0.5,1.3,0,1
110,0.75,1.3,0,1
110,1,1.3,0,1
110,1.25,1.3,0,1
110,1.5,1.5,0,1
110,1.75,1.3,0,1
110,2,1.3,0,1
110,2.25,1.5,0,1
110,2.5,1.4,0,1
110,2.75,1.3,0,1
110,3,1.3,0,1
110,3.25,1.4,0,1
110,3.5,1.4,0,1
110,3.75,1.4,0,1
110,4,1.3,0,1
110,4.25,1.3,0,1
110,4.5,1.4,0,1
110,4.75,1.4,0,1
110,5,1.3,0,1
110,5.25,1.3,0,1
110,5.5,1.4,0,1
110,5.75,1.6,0,1
110,6,1.4,0,1
110,6.25,1.4,0,1
110,6.5,1.4,0,1
110,6.75,1.5,0,1
110,7,1.3,0,1
110,7.25,1.3,0,1
110,7.5,1.2,0,1
110,7.75,1.3,0,1
110,8,1.3,0,1
110,8.25,1.2,0,1
110,8.5,1.3,0,1
110,8.75,1.2,0,1
110,9,1.2,0,1
110,9.25,1.3,0,1
110,9.5,1.5,0,1
110,9.75,1.3,0,1
110,10,1.3,0,1
110,10.25,1.3,0,1
110,10.5,1.3,0,1
110,10.75,1.3,0,1
110,11,1.2,0,1
110,11.25,1.3,0,1
110,11.5,1.3,0,1
110,11.75,1.3,0,1
110,12,1.2,0,1
110,12.25,1.1,0,1
110,12.5,1.3,0,1
110,12.75,1.4,0,1
110,13,1.3,0,1
110,13.25,1.3,0,1
110,13.5,1.3,0,1
110,13.75,1.3,0,1
110,14,1.2,0,1
110,14.25,1.4,0,1
110,14.5,1.4,0,1
110,14.75,1.3,0,1
110,15,1.4,0,1
110,15.25,1.3,0,1
110,15.5,1.3,0,1
110,15.75,1.3,0,1
110,16,1.4,0,1
110,16.25,1.4,0,1
110,16.5,1.4,0,1
110,16.75,1.4,0,1
110,17,1.4,0,1
110,17.25,1.4,0,1
110,17.5,1.4,0,1
110,17.75,1.4,0,1
110,18,1.4,0,1
110,18.25,1.4,0,1
110,18.5,1.4,0,1
110,18.75,1.5,0,1
110,19,1.2,0,1
110,19.25,1.2,0,1
110,19.5,1.3,0,1
110,19.75,1.4,0,1
110,20,1.5,0,1
110,20.25,1.4,0,1
110,20.5,1.3,0,1
110,20.75,1.3,0,1
110,21,1.4,0,1
110,21.25,1.3,0,1
110,21.5,1.4,0,1
110,21.75,1.3,0,1
110,22,1.3,0,1
110,22.25,1.5,0,1
110,22.5,1.4,0,1
110,22.75,1.3,0,1
110,23,1.3,0,1
110,23.25,1.4,0,1
110,23.5,1.4,0,1
110,23.75,1.4,0,1
110,0,1.6,0,1
110,0.25,1.5,0,1
110,0.5,1.5,0,1
110,0.75,1.5,0,1
110,1,1.5,0,1
110,1.25,1.5,0,1
110,1.5,1.5,0,1
110,1.75,1.5,0,1
110,2,1.5,0,1
110,2.25,1.5,0,1
110,2.5,1.7,0,1
110,2.75,1.6,0,1
110,3,1.6,0,1
110,3.25,1.6,0,1
110,3.5,1.5,0,1
110,3.75,1.6,0,1
110,4,1.6,0,1
110,4.25,1.6,0,1
110,4.5,1.5,0,1
110,4.75,1.6,0,1
110,5,1.5,0,1
110,5.25,1.6,0,1
110,5.5,1.5,0,1
110,5.75,1.9,0,1
110,6,1.6,0,1
110,6.25,1.6,0,1
110,6.5,1.5,0,1
110,6.75,1.8,0,1
110,7,1.6,0,1
110,7.25,1.5,0,1
110,7.5,1.7,0,1
110,7.75,1.3,0,1
110,8,1.4,0,1
110,8.25,1.1,0,1
110,8.5,1.2,0,1
110,8.75,1.5,0,1
110,9,1.5,0,1
110,9.25,1.4,0,1
110,9.5,1.4,0,1
110,9.75,1.4,0,1
110,10,1.3,0,1
110,10.25,1.3,0,1
110,10.5,1.5,0,1
110,10.75,1.5,0,1
110,11,1.5,0,1
110,11.25,1.4,0,1
110,11.5,1.4,0,1
110,11.75,1.5,0,1
110,12,1.4,0,1
110,12.25,1.3,0,1
110,12.5,1.5,0,1
110,12.75,1.4,0,1
110,13,1.5,0,1
110,13.25,1.5,0,1
110,13.5,1.4,0,1
110,13.75,1.5,0,1
110,14,1.4,0,1
110,14.25,1.5,0,1
110,14.5,1.5,0,1
110,14.75,1.4,0,1
110,15,1.5,0,1
110,15.25,1.4,0,1
110,15.5,1.4,0,1
110,15.75,1.4,0,1
110,16,1.5,0,1
110,16.25,1.9,0,1
110,16.5,1.4,0,1
110,16.75,1.6,0,1
110,17,1.6,0,1
110,17.25,1.5,0,1
110,17.5,1.6,0,1
110,17.75,1.5,0,1
110,18,1.6,0,1
110,18.25,1.5,0,1
110,18.5,1.5,0,1
110,18.75,1.5,0,1
110,19,1.6,0,1
110,19.25,1.6,0,1
110,19.5,1.5,0,1
110,19.75,1.4,0,1
110,20,1.5,0,1
110,20.25,1.5,0,1
110,20.5,1.4,0,1
110,20.75,1.4,0,1
110,21,1.3,0,1
110,21.25,1.3,0,1
110,21.5,1.5,0,1
110,21.75,1.5,0,1
110,22,1.3,0,1
110,22.25,1.3,0,1
110,22.5,1.5,0,1
110,22.75,1.4,0,1
110,23,1.7,0,1
110,23.25,1.4,0,1
110,23.5,1.4,0,1
110,23.75,1.2,0,1
110,0,1.4,0,1
110,0.25,1.4,0,1
110,0.5,1.3,0,1
110,0.75,1.4,0,1
110,1,1.4,0,1
110,1.25,1.4,0,1
110,1.5,1.2,0,1
110,1.75,1.3,0,1
110,2,1.3,0,1
110,2.25,1.4,0,1
110,2.5,1.6,0,1
110,2.75,1.3,0,1
110,3,1.3,0,1
110,3.25,1.3,0,1
110,3.5,1.3,0,1
110,3.75,1.4,0,1
110,4,1.1,0,1
110,4.25,1.3,0,1
110,4.5,1.3,0,1
110,4.75,1.4,0,1
110,5,1.4,0,1
110,5.25,1.3,0,1
110,5.5,1.3,0,1
110,5.75,1.5,0,1
110,6,1.2,0,1
110,6.25,1.4,0,1
110,6.5,1.5,0,1
110,6.75,1.3,0,1
110,7,1.3,0,1
110,7.25,1.2,0,1
110,7.5,1.3,0,1
110,7.75,1.3,0,1
110,8,1.2,0,1
110,8.25,1.4,0,1
110,8.5,1.3,0,1
110,8.75,1.4,0,1
110,9,1.4,0,1
110,9.25,1.3,0,1
110,9.5,1.3,0,1
110,9.75,1.4,0,1
110,10,1.2,0,1
110,10.25,1.5,0,1
110,10.5,1.3,0,1
110,10.75,1.2,0,1
110,11,1.3,0,1
110,11.25,1.3,0,1
110,11.5,1.6,0,1
110,11.75,1.2,0,1
110,12,1.2,0,1
110,12.25,1,0,1
110,12.5,1.3,0,1
110,12.75,1.3,0,1
110,13,1.2,0,1
110,13.25,1.3,0,1
110,13.5,1.6,0,1
110,13.75,1.3,0,1
110,14,1.2,0,1
110,14.25,1,0,1
110,14.5,1.3,0,1
110,14.75,1.1,0,1
110,15,1.2,0,1
110,15.25,1.3,0,1
110,15.5,1.3,0,1
110,15.75,1.1,0,1
110,16,1.5,0,1
110,16.25,1.4,0,1
110,16.5,1.2,0,1
110,16.75,1.3,0,1
110,17,1.1,0,1
110,17.25,1.3,0,1
110,17.5,1.2,0,1
110,17.75,1.4,0,1
110,18,1.3,0,1
110,18.25,1.2,0,1
110,18.5,1.4,0,1
110,18.75,1.2,0,1
110,19,1.4,0,1
110,19.25,1.4,0,1
110,19.5,1.2,0,1
110,19.75,1.3,0,1
110,20,1.2,0,1
110,20.25,1.3,0,1
110,20.5,1.2,0,1
110,20.75,1.4,0,1
110,21,1.4,0,1
110,21.25,1.1,0,1
110,21.5,1.3,0,1
110,21.75,1.3,0,1
110,22,1.4,0,1
110,22.25,1.2,0,1
110,22.5,1.7,0,1
110,22.75,1.5,0,1
110,23,1.2,0,1
110,23.25,1.3,0,1
110,23.5,1.7,0,1
110,23.75,1.5,0,1
110,0,1.4,0,1
110,0.25,1.3,0,1
110,0.5,1.4,0,1
110,0.75,1.4,0,1
110,1,1.3,0,1
110,1.25,1.4,0,1
110,1.5,1.5,0,1
110,1.75,1.5,0,1
110,2,1.3,0,1
110,2.25,1.3,0,1
110,2.5,1.4,0,1
110,2.75,1.4,0,1
110,3,1.3,0,1
110,3.25,1.4,0,1
110,3.5,1.5,0,1
110,3.75,1.4,0,1
110,4,1.3,0,1
110,4.25,1.3,0,1
110,4.5,1.4,0,1
110,4.75,1.5,0,1
110,5,1.4,0,1
110,5.25,1.3,0,1
110,5.5,1.5,0,1
110,5.75,1.7,0,1
110,6,1.4,0,1
110,6.25,1.3,0,1
110,6.5,1.5,0,1
110,6.75,1.5,0,1
110,7,1.4,0,1
110,7.25,1.2,0,1
110,7.5,1.4,0,1
110,7.75,1.5,0,1
110,8,1.4,0,1
110,8.25,1.3,0,1
110,8.5,1.4,0,1
110,8.75,1.5,0,1
110,9,1.3,0,1
110,9.25,1.4,0,1
110,9.5,1.3,0,1
110,9.75,1.4,0,1
110,10,1.3,0,1
110,10.25,1.3,0,1
110,10.5,1.1,0,1
110,10.75,1.5,0,1
110,11,1.3,0,1
110,11.25,1.2,0,1
110,11.5,1.3,0,1
110,11.75,1.2,0,1
110,12,1.6,0,1
110,12.25,1.3,0,1
110,12.5,1.4,0,1
110,12.75,1.3,0,1
110,13,1.2,0,1
110,13.25,1.5,0,1
110,13.5,1.3,0,1
110,13.75,1.3,0,1
110,14,1.2,0,1
110,14.25,1.3,0,1
110,14.5,1.5,0,1
110,14.75,1.4,0,1
110,15,1.1,0,1
110,15.25,1.3,0,1
110,15.5,1.4,0,1
110,15.75,1.5,0,1
110,16,1.4,0,1
110,16.25,1.3,0,1
110,16.5,1.4,0,1
110,16.75,1.5,0,1
110,17,1.4,0,1
110,17.25,1.3,0,1
110,17.5,1.4,0,1
110,17.75,1.5,0,1
110,18,1.4,0,1
110,18.25,1.3,0,1
110,18.5,1.4,0,1
110,18.75,1.5,0,1
110,19,1.4,0,1
110,19.25,1.3,0,1
110,19.5,1.5,0,1
110,19.75,1.5,0,1
110,20,1.4,0,1
110,20.25,1.3,0,1
110,20.5,1.5,0,1
110,20.75,1.4,0,1
110,21,1.4,0,1
110,21.25,1.4,0,1
110,21.5,1.5,0,1
110,21.75,1.4,0,1
110,22,1.3,0,1
110,22.25,1.3,0,1
110,22.5,1.6,0,1
110,22.75,1.5,0,1
110,23,1.3,0,1
110,23.25,1.5,0,1
110,23.5,1.5,0,1
110,23.75,1.4,0,1
110,0,1.5,0,1
110,0.25,1.4,0,1
110,0.5,1.6,0,1
110,0.75,1.4,0,1
110,1,1.4,0,1
110,1.25,1.5,0,1
110,1.5,1.5,0,1
110,1.75,1.5,0,1
110,2,1.4,0,1
110,2.25,1.6,0,1
110,2.5,1.5,0,1
110,2.75,1.5,0,1
110,3,1.5,0,1
110,3.25,1.6,0,1
110,3.5,1.5,0,1
110,3.75,1.5,0,1
110,4,1.4,0,1
110,4.25,1.6,0,1
110,4.5,1.4,0,1
110,4.75,1.4,0,1
110,5,1.6,0,1
110,5.25,1.5,0,1
110,5.5,1.4,0,1
110,5.75,1.8,0,1
110,6,1.5,0,1
110,6.25,1.5,0,1
110,6.5,1.4,0,1
110,6.75,1.5,0,1
110,7,1.6,0,1
110,7.25,1.5,0,1
110,7.5,1.3,0,1
110,7.75,1.5,0,1
110,8,1.4,0,1
110,8.25,1.6,0,1
110,8.5,1.4,0,1
110,8.75,1.3,0,1
110,9,1.5,0,1
110,9.25,1.4,0,1
110,9.5,1.4,0,1
110,9.75,1.3,0,1
110,10,1.5,0,1
110,10.25,1.4,0,1
110,10.5,1.4,0,1
110,10.75,1.2,0,1
110,11,1.3,0,1
110,11.25,1.4,0,1
110,11.5,1.6,0,1
110,11.75,1.3,0,1
110,12,1.3,0,1
110,12.25,1.3,0,1
110,12.5,1.4,0,1
110,12.75,1.4,0,1
110,13,1.6,0,1
110,13.25,1.5,0,1
110,13.5,1.3,0,1
110,13.75,1.4,0,1
110,14,1.3,0,1
110,14.25,1.3,0,1
110,14.5,1.6,0,1
110,14.75,1.6,0,1
110,15,1.4,0,1
110,15.25,1.4,0,1
110,15.5,1.2,0,1
110,15.75,1.6,0,1
110,16,1.6,0,1
110,16.25,1.4,0,1
110,16.5,1.3,0,1
110,16.75,1.3,0,1
110,17,1.6,0,1
110,17.25,1.7,0,1
110,17.5,1.4,0,1
110,17.75,1.2,0,1
110,18,1.5,0,1
110,18.25,1.4,0,1
110,18.5,1.6,0,1
110,18.75,1.6,0,1
110,19,1.4,0,1
110,19.25,1.3,0,1
110,19.5,1.4,0,1
110,19.75,1.5,0,1
110,20,1.7,0,1
110,20.25,1.4,0,1
110,20.5,1.5,0,1
110,20.75,1.5,0,1
110,21,1.4,0,1
110,21.25,1.3,0,1
110,21.5,1.4,0,1
110,21.75,1.2,0,1
110,22,1.5,0,1
110,22.25,1.4,0,1
110,22.5,1.3,0,1
110,22.75,1.2,0,1
110,23,1.5,0,1
110,23.25,1.5,0,1
110,23.5,1.3,0,1
110,23.75,1.4,0,1
